"time","anomalies.detector_id","anomalies.diff"
"2015-06-23T10:52:31.000Z","3","-5"
"2015-06-23T15:03:01.000Z","2","-4"
"2015-06-23T15:07:31.000Z","2","-4"
"2015-06-23T15:15:01.000Z","2","-4"
"2015-06-23T15:16:31.000Z","2","5"
"2015-06-23T15:18:01.000Z","2","-4"
"2015-06-23T15:25:31.000Z","2","4"
"2015-06-23T15:40:31.000Z","3","-5"
"2015-06-23T15:49:31.000Z","2","4"
"2015-06-23T15:51:01.000Z","2","-4"
"2015-06-23T16:04:31.000Z","2","5"
"2015-06-23T16:06:01.000Z","2","-4"
"2015-06-23T19:57:01.000Z","2","4"
"2015-06-24T10:57:01.000Z","31","40"
"2015-06-24T15:33:01.000Z","2","4"
"2015-06-24T15:36:01.000Z","17","-13"
"2015-06-24T15:40:31.000Z","3","5"
"2015-06-24T18:33:01.000Z","65","-7"
"2015-06-25T14:04:31.000Z","3","-5"
"2015-06-25T15:12:01.000Z","2","4"
"2015-06-25T15:13:31.000Z","2","-4"
"2015-06-25T16:10:31.000Z","44","-6"
"2015-06-26T11:16:31.000Z","3","5"
"2015-06-26T15:06:01.000Z","2","-4"
"2015-06-26T15:21:01.000Z","2","4"
"2015-06-26T15:22:31.000Z","2","-4"
"2015-06-26T16:31:31.000Z","3","5"
"2015-06-29T08:45:01.000Z","99","9"
"2015-06-29T13:25:31.000Z","3","5"
"2015-06-29T13:28:31.000Z","2","4"
"2015-06-29T15:06:01.000Z","2","-4"
"2015-06-29T15:34:31.000Z","2","-4"
"2015-06-29T15:49:31.000Z","3","-5"
"2015-06-29T16:00:01.000Z","3","-5"
"2015-06-29T16:16:31.000Z","3","5"
"2015-06-29T16:19:31.000Z","3","-5"
"2015-06-30T12:51:01.000Z","2","4"
"2015-06-30T13:49:31.000Z","70","-6"
"2015-06-30T14:37:31.000Z","3","-5"
"2015-06-30T14:42:01.000Z","4","8"
"2015-06-30T15:15:01.000Z","2","4"
"2015-06-30T15:39:01.000Z","2","4"
"2015-06-30T18:45:01.000Z","44","30"
"2015-06-30T18:48:01.000Z","2","4"
"2015-07-01T14:06:01.000Z","2","-4"
"2015-07-01T14:09:01.000Z","3","5"
"2015-07-01T15:04:31.000Z","2","-5"
"2015-07-01T15:33:01.000Z","2","-4"
"2015-07-01T16:13:31.000Z","3","5"
"2015-07-01T16:15:01.000Z","2","-4"
"2015-07-01T16:57:01.000Z","2","4"
"2015-07-02T10:46:31.000Z","3","5"
"2015-07-02T14:06:01.000Z","2","4"
"2015-07-02T14:52:31.000Z","2","4"
"2015-07-02T14:54:01.000Z","2","-4"
"2015-07-02T15:03:01.000Z","2","4"
"2015-07-02T15:10:31.000Z","2","4"
"2015-07-02T16:36:01.000Z","2","4"
"2015-07-02T16:37:31.000Z","2","-4"
"2015-07-03T12:12:01.000Z","3","5"
"2015-07-03T12:13:31.000Z","3","-5"
"2015-07-03T14:36:01.000Z","2","5"
"2015-07-03T15:09:01.000Z","2","-4"
"2015-07-03T15:10:31.000Z","3","5"
"2015-07-03T15:51:01.000Z","3","5"
"2015-07-03T15:52:31.000Z","3","-5"
"2015-07-03T19:22:31.000Z","49","-11"
"2015-07-04T12:00:01.000Z","33","-17"
"2015-07-06T04:22:31.000Z","51","-6"
"2015-07-06T11:48:01.000Z","33","9"
"2015-07-06T14:03:01.000Z","2","4"
"2015-07-06T14:04:31.000Z","2","-4"
"2015-07-06T15:09:01.000Z","2","-4"
"2015-07-06T15:36:01.000Z","2","4"
"2015-07-07T15:00:01.000Z","2","-4"
"2015-07-07T15:09:01.000Z","2","-4"
"2015-07-07T15:10:31.000Z","2","4"
"2015-07-07T16:25:31.000Z","3","5"
"2015-07-07T20:12:01.000Z","9","11"
"2015-07-08T10:40:31.000Z","33","-9"
"2015-07-08T14:52:31.000Z","2","4"
"2015-07-08T14:54:01.000Z","2","-4"
"2015-07-08T15:04:31.000Z","2","4"
"2015-07-08T15:13:31.000Z","3","-5"
"2015-07-08T15:15:01.000Z","3","5"
"2015-07-08T15:34:31.000Z","2","4"
"2015-07-08T15:39:01.000Z","2","5"
"2015-07-08T15:40:31.000Z","2","-4"
"2015-07-08T16:33:01.000Z","3","5"
"2015-07-08T16:34:31.000Z","3","-5"
"2015-07-09T11:24:01.000Z","3","5"
"2015-07-09T15:03:01.000Z","3","5"
"2015-07-09T15:49:31.000Z","3","-5"
"2015-07-09T16:03:01.000Z","2","4"
"2015-07-09T16:19:31.000Z","3","5"
"2015-07-09T16:21:01.000Z","3","-5"
"2015-07-10T10:24:01.000Z","2","4"
"2015-07-10T15:37:31.000Z","2","-4"
"2015-07-11T15:04:31.000Z","67","15"
"2015-07-13T09:03:01.000Z","2","-4"
"2015-07-13T14:33:01.000Z","3","5"
"2015-07-13T15:04:31.000Z","2","5"
"2015-07-13T15:07:31.000Z","2","-5"
"2015-07-13T15:09:01.000Z","3","5"
"2015-07-13T16:03:01.000Z","2","4"
"2015-07-14T15:01:31.000Z","2","5"
"2015-07-14T15:03:01.000Z","3","-5"
"2015-07-14T15:04:31.000Z","2","5"
"2015-07-14T15:10:31.000Z","2","4"
"2015-07-14T15:33:01.000Z","2","-4"
"2015-07-14T15:39:01.000Z","2","4"
"2015-07-15T15:04:31.000Z","2","4"
"2015-07-15T15:28:31.000Z","2","4"
"2015-07-15T15:37:31.000Z","2","-5"
"2015-07-15T15:39:01.000Z","2","4"
"2015-07-16T15:04:31.000Z","2","4"
"2015-07-16T15:09:01.000Z","2","-4"
"2015-07-16T15:40:31.000Z","3","5"
"2015-07-16T15:42:01.000Z","2","-4"
"2015-07-16T17:49:31.000Z","3","-5"
"2015-07-16T23:58:31.000Z","9","-9"
"2015-07-17T10:13:31.000Z","9","18"
"2015-07-17T12:30:01.000Z","33","-10"
"2015-07-17T14:22:31.000Z","9","-14"
"2015-07-17T17:03:01.000Z","19","24"
"2015-07-17T17:25:31.000Z","9","11"
"2015-07-17T18:19:31.000Z","33","10"
"2015-07-17T18:22:31.000Z","33","-9"
"2015-07-18T12:51:01.000Z","33","13"
"2015-07-20T09:30:01.000Z","9","13"
"2015-07-20T15:07:31.000Z","2","-5"
"2015-07-20T15:22:31.000Z","2","4"
"2015-07-20T15:24:01.000Z","2","-4"
"2015-07-20T15:28:31.000Z","3","5"
"2015-07-20T16:03:01.000Z","2","4"
"2015-07-20T16:07:31.000Z","9","9"
"2015-07-21T23:58:31.000Z","51","-11"
"2015-07-22T12:42:01.000Z","33","10"
"2015-07-22T14:27:01.000Z","33","10"
"2015-07-22T15:07:31.000Z","2","4"
"2015-07-23T13:45:01.000Z","2","4"
"2015-07-23T13:46:31.000Z","2","-4"
"2015-07-23T15:04:31.000Z","2","4"
"2015-07-23T15:07:31.000Z","2","-4"
"2015-07-23T16:01:31.000Z","2","-4"
"2015-07-23T16:03:01.000Z","2","5"
"2015-07-24T14:24:01.000Z","2","4"
"2015-07-24T14:25:31.000Z","2","-4"
"2015-07-24T15:04:31.000Z","2","5"
"2015-07-24T15:06:01.000Z","2","-5"
"2015-07-24T15:09:01.000Z","2","4"
"2015-07-24T15:13:31.000Z","2","-4"
"2015-07-24T15:18:01.000Z","3","-5"
"2015-07-24T15:34:31.000Z","3","5"
"2015-07-24T15:37:31.000Z","3","-5"
"2015-07-24T16:55:31.000Z","99","6"
"2015-07-24T19:28:31.000Z","94","7"
"2015-07-25T00:50:44.000Z","72","15"
"2015-07-27T11:37:31.000Z","2","-4"
"2015-07-27T12:34:31.000Z","3","5"
"2015-07-27T13:00:01.000Z","9","10"
"2015-07-27T15:07:31.000Z","3","-5"
"2015-07-27T16:03:01.000Z","2","4"
"2015-07-27T17:24:01.000Z","9","11"
"2015-07-28T08:43:31.000Z","3","5"
"2015-07-28T08:45:01.000Z","3","-5"
"2015-07-28T14:40:31.000Z","2","4"
"2015-07-28T14:42:01.000Z","2","-4"
"2015-07-28T15:04:31.000Z","2","4"
"2015-07-28T15:45:01.000Z","3","5"
"2015-07-28T15:46:31.000Z","3","-5"
"2015-07-29T11:12:01.000Z","2","-4"
"2015-07-29T12:16:31.000Z","3","5"
"2015-07-29T12:18:01.000Z","3","-5"
"2015-07-29T14:24:01.000Z","9","-10"
"2015-07-29T14:37:31.000Z","2","4"
"2015-07-29T14:39:01.000Z","2","-4"
"2015-07-29T15:04:31.000Z","3","5"
"2015-07-29T15:16:31.000Z","3","5"
"2015-07-29T16:06:01.000Z","9","13"
"2015-07-29T16:09:01.000Z","2","5"
"2015-07-29T16:10:31.000Z","2","-4"
"2015-07-31T09:42:01.000Z","80","-8"
"2015-07-31T14:04:31.000Z","2","4"
"2015-07-31T15:07:31.000Z","2","4"
"2015-08-02T23:58:31.000Z","36","7"
"2015-08-03T12:22:31.000Z","2","4"
"2015-08-03T14:04:31.000Z","2","4"
"2015-08-03T15:15:01.000Z","2","4"
"2015-08-03T15:16:31.000Z","2","-4"
"2015-08-03T15:49:31.000Z","3","5"
"2015-08-03T15:51:01.000Z","3","-5"
"2015-08-04T15:13:31.000Z","9","26"
"2015-08-04T17:33:01.000Z","9","9"
"2015-08-05T11:34:31.000Z","2","4"
"2015-08-05T14:46:31.000Z","9","10"
"2015-08-05T15:07:31.000Z","3","5"
"2015-08-05T15:09:01.000Z","2","-4"
"2015-08-05T15:34:31.000Z","3","5"
"2015-08-05T15:48:01.000Z","9","10"
"2015-08-05T20:00:01.000Z","99","8"
"2015-08-05T20:06:01.000Z","99","-8"
"2015-08-06T14:43:31.000Z","9","11"
"2015-08-06T15:04:31.000Z","3","5"
"2015-08-06T15:06:01.000Z","3","-5"
"2015-08-06T15:07:31.000Z","2","-4"
"2015-08-06T15:12:01.000Z","2","-4"
"2015-08-06T15:33:01.000Z","2","4"
"2015-08-06T16:09:01.000Z","3","5"
"2015-08-07T10:03:01.000Z","3","-5"
"2015-08-07T12:03:01.000Z","5","9"
"2015-08-07T12:12:01.000Z","19","14"
"2015-08-07T12:48:01.000Z","8","15"
"2015-08-07T13:33:01.000Z","9","11"
"2015-08-07T14:12:01.000Z","20","10"
"2015-08-07T15:07:31.000Z","3","-5"
"2015-08-07T15:09:01.000Z","2","4"
"2015-08-07T18:22:31.000Z","9","9"
"2015-08-07T19:09:01.000Z","9","11"
"2015-08-07T19:18:01.000Z","9","9"
"2015-08-07T19:21:01.000Z","9","-12"
"2015-08-07T19:58:31.000Z","9","10"
"2015-08-08T15:19:31.000Z","9","12"
"2015-08-08T16:40:31.000Z","9","-10"
"2015-08-10T07:00:01.000Z","9","9"
"2015-08-10T09:10:31.000Z","96","15"
"2015-08-10T09:30:01.000Z","2","5"
"2015-08-10T09:31:31.000Z","2","-5"
"2015-08-10T15:04:31.000Z","2","5"
"2015-08-10T15:06:01.000Z","2","-5"
"2015-08-10T15:07:31.000Z","2","4"
"2015-08-10T15:10:31.000Z","2","-4"
"2015-08-11T12:34:31.000Z","3","5"
"2015-08-11T15:30:01.000Z","3","5"
"2015-08-11T15:31:31.000Z","3","-5"
"2015-08-12T07:52:31.000Z","9","9"
"2015-08-12T11:28:31.000Z","9","9"
"2015-08-12T13:12:01.000Z","9","10"
"2015-08-12T15:04:31.000Z","3","5"
"2015-08-13T04:52:31.000Z","51","7"
"2015-08-13T15:04:31.000Z","3","5"
"2015-08-13T15:06:01.000Z","3","-5"
"2015-08-13T15:10:31.000Z","2","5"
"2015-08-13T15:12:01.000Z","2","-4"
"2015-08-13T18:16:31.000Z","9","9"
"2015-08-13T19:12:01.000Z","9","-15"
"2015-08-13T20:00:01.000Z","9","9"
"2015-08-13T21:13:31.000Z","9","14"
"2015-08-15T12:15:01.000Z","9","12"
"2015-08-17T04:16:31.000Z","9","9"
"2015-08-17T09:52:31.000Z","9","10"
"2015-08-17T10:24:01.000Z","9","-16"
"2015-08-17T10:40:31.000Z","9","-11"
"2015-08-17T14:21:01.000Z","9","11"
"2015-08-17T15:04:31.000Z","3","5"
"2015-08-17T15:13:31.000Z","2","-4"
"2015-08-17T16:15:01.000Z","9","10"
"2015-08-17T16:18:01.000Z","2","4"
"2015-08-17T16:55:31.000Z","3","-5"
"2015-08-18T06:33:01.000Z","9","25"
"2015-08-18T11:40:31.000Z","9","-9"
"2015-08-18T11:46:31.000Z","9","-13"
"2015-08-18T15:03:01.000Z","3","5"
"2015-08-18T15:09:01.000Z","3","5"
"2015-08-18T15:33:01.000Z","3","-5"
"2015-08-18T18:12:01.000Z","3","-5"
"2015-08-19T09:22:31.000Z","3","-5"
"2015-08-19T09:30:01.000Z","2","4"
"2015-08-19T09:31:31.000Z","2","-4"
"2015-08-19T15:09:01.000Z","3","-5"
"2015-08-19T15:19:31.000Z","3","-5"
"2015-08-19T16:04:31.000Z","3","5"
"2015-08-19T16:06:01.000Z","2","-4"
"2015-08-20T07:25:31.000Z","3","5"
"2015-08-20T11:40:31.000Z","2","4"
"2015-08-20T11:42:01.000Z","2","-4"
"2015-08-20T15:06:01.000Z","3","-5"
"2015-08-20T15:18:01.000Z","2","4"
"2015-08-20T15:34:31.000Z","3","5"
"2015-08-20T15:36:01.000Z","3","-5"
"2015-08-20T16:15:01.000Z","2","4"
"2015-08-21T08:21:01.000Z","52","9"
"2015-08-21T09:13:31.000Z","2","-4"
"2015-08-21T13:18:01.000Z","10","11"
"2015-08-21T15:00:01.000Z","3","5"
"2015-08-21T15:10:31.000Z","2","4"
"2015-08-24T10:49:31.000Z","3","5"
"2015-08-24T10:51:01.000Z","3","-5"
"2015-08-24T15:10:31.000Z","2","4"
"2015-08-24T15:33:01.000Z","3","5"
"2015-08-24T15:34:31.000Z","2","-4"
"2015-08-24T16:03:01.000Z","2","4"
"2015-08-24T16:09:01.000Z","3","5"
"2015-08-25T09:58:31.000Z","9","9"
"2015-08-25T10:18:01.000Z","9","-20"
"2015-08-25T11:40:31.000Z","9","16"
"2015-08-25T12:40:31.000Z","9","-13"
"2015-08-25T12:48:01.000Z","9","29"
"2015-08-25T13:52:31.000Z","9","12"
"2015-08-25T14:07:31.000Z","9","-30"
"2015-08-25T15:03:01.000Z","3","-5"
"2015-08-25T15:09:01.000Z","3","-5"
"2015-08-25T15:10:31.000Z","3","5"
"2015-08-25T15:16:31.000Z","2","5"
"2015-08-25T15:18:01.000Z","2","-5"
"2015-08-25T15:39:01.000Z","3","5"
"2015-08-25T15:40:31.000Z","3","-5"
"2015-08-25T16:04:31.000Z","2","5"
"2015-08-25T16:06:01.000Z","2","-4"
"2015-08-25T16:10:31.000Z","3","5"
"2015-08-25T16:13:31.000Z","3","-5"
"2015-08-25T17:36:01.000Z","2","4"
"2015-08-25T17:37:31.000Z","2","-4"
"2015-08-26T09:28:31.000Z","67","22"
"2015-08-26T10:24:01.000Z","47","9"
"2015-08-26T12:06:01.000Z","25","17"
"2015-08-26T13:51:01.000Z","33","11"
"2015-08-26T14:00:01.000Z","28","-15"
"2015-08-26T15:04:31.000Z","3","5"
"2015-08-26T15:07:31.000Z","3","-5"
"2015-08-26T15:09:01.000Z","2","4"
"2015-08-26T16:09:01.000Z","2","4"
"2015-08-26T16:10:31.000Z","2","-4"
"2015-08-26T16:52:31.000Z","33","-13"
"2015-08-27T05:16:31.000Z","51","6"
"2015-08-27T13:40:31.000Z","33","-12"
"2015-08-27T14:48:01.000Z","33","15"
"2015-08-27T15:00:01.000Z","2","4"
"2015-08-27T15:06:01.000Z","2","5"
"2015-08-27T15:21:01.000Z","3","5"
"2015-08-27T15:22:31.000Z","3","-5"
"2015-08-27T16:07:31.000Z","2","-4"
"2015-08-28T12:49:31.000Z","2","-4"
"2015-08-28T13:42:01.000Z","2","4"
"2015-08-28T14:03:01.000Z","33","15"
"2015-08-29T10:55:31.000Z","19","15"
"2015-08-29T13:49:31.000Z","88","11"
"2015-08-30T05:21:01.000Z","51","10"
"2015-08-31T13:06:01.000Z","10","20"
"2015-08-31T15:03:01.000Z","3","-5"
"2015-08-31T15:04:31.000Z","3","5"
"2015-08-31T15:13:31.000Z","2","-4"
"2015-08-31T15:28:31.000Z","3","-5"
"2015-08-31T16:15:01.000Z","2","4"
"2015-08-31T16:16:31.000Z","2","-4"
"2015-09-01T11:10:31.000Z","2","4"
"2015-09-01T11:12:01.000Z","2","-4"
"2015-09-01T11:25:31.000Z","2","4"
"2015-09-01T11:27:01.000Z","2","-4"
"2015-09-01T14:40:31.000Z","33","-9"
"2015-09-01T15:12:01.000Z","3","-5"
"2015-09-01T15:15:01.000Z","3","5"
"2015-09-01T15:34:31.000Z","2","5"
"2015-09-02T07:43:31.000Z","2","4"
"2015-09-02T07:45:01.000Z","2","-4"
"2015-09-02T16:04:31.000Z","3","5"
"2015-09-02T16:09:01.000Z","3","-5"
"2015-09-03T13:24:01.000Z","3","-5"
"2015-09-03T13:33:01.000Z","2","4"
"2015-09-03T15:04:31.000Z","2","5"
"2015-09-03T15:09:01.000Z","3","5"
"2015-09-03T15:15:01.000Z","2","4"
"2015-09-03T15:31:31.000Z","3","5"
"2015-09-04T10:04:31.000Z","44","48"
"2015-09-04T10:52:31.000Z","3","-5"
"2015-09-04T13:01:31.000Z","3","5"
"2015-09-04T15:06:01.000Z","2","4"
"2015-09-04T15:07:31.000Z","2","-4"
"2015-09-04T15:19:31.000Z","3","-5"
"2015-09-06T18:57:01.000Z","79","22"
"2015-09-07T06:55:31.000Z","31","-7"
"2015-09-07T08:40:31.000Z","67","34"
"2015-09-07T15:03:01.000Z","2","5"
"2015-09-07T15:18:01.000Z","2","4"
"2015-09-07T15:30:01.000Z","2","4"
"2015-09-07T16:00:01.000Z","3","5"
"2015-09-08T23:58:31.000Z","26","-6"
"2015-09-09T08:49:31.000Z","3","5"
"2015-09-09T12:15:01.000Z","2","4"
"2015-09-09T15:04:31.000Z","2","-4"
"2015-09-09T15:06:01.000Z","2","5"
"2015-09-09T15:07:31.000Z","2","-4"
"2015-09-09T15:12:01.000Z","2","4"
"2015-09-09T15:37:31.000Z","2","5"
"2015-09-09T15:39:01.000Z","2","-5"
"2015-09-09T16:09:01.000Z","2","-4"
"2015-09-09T17:25:31.000Z","44","-6"
"2015-09-10T13:04:31.000Z","3","-5"
"2015-09-10T15:07:31.000Z","2","-5"
"2015-09-10T15:10:31.000Z","3","5"
"2015-09-10T15:13:31.000Z","3","-5"
"2015-09-11T12:31:31.000Z","2","4"
"2015-09-11T12:33:01.000Z","2","-4"
"2015-09-11T13:12:01.000Z","2","4"
"2015-09-11T13:13:31.000Z","2","-4"
"2015-09-11T14:46:31.000Z","2","-4"
"2015-09-11T15:03:01.000Z","2","5"
"2015-09-11T15:04:31.000Z","2","-5"
"2015-09-11T15:09:01.000Z","3","-5"
"2015-09-11T15:10:31.000Z","2","-4"
"2015-09-11T15:12:01.000Z","3","5"
"2015-09-11T15:13:31.000Z","3","-5"
"2015-09-11T15:36:01.000Z","2","-4"
"2015-09-11T16:12:01.000Z","3","5"
"2015-09-12T13:19:31.000Z","33","-10"
"2015-09-14T09:49:31.000Z","3","5"
"2015-09-14T14:34:31.000Z","2","4"
"2015-09-14T15:04:31.000Z","3","5"
"2015-09-14T15:12:01.000Z","3","5"
"2015-09-14T15:16:31.000Z","2","4"
"2015-09-14T15:19:31.000Z","2","-4"
"2015-09-14T15:30:01.000Z","2","4"
"2015-09-14T16:18:01.000Z","2","4"
"2015-09-14T16:19:31.000Z","2","-4"
"2015-09-15T15:01:31.000Z","3","-5"
"2015-09-15T15:07:31.000Z","2","-4"
"2015-09-15T15:24:01.000Z","2","4"
"2015-09-15T15:25:31.000Z","3","-5"
"2015-09-15T15:28:31.000Z","2","4"
"2015-09-15T15:36:01.000Z","2","-5"
"2015-09-15T16:06:01.000Z","3","5"
"2015-09-15T16:07:31.000Z","3","-5"
"2015-09-15T16:12:01.000Z","3","-5"
"2015-09-15T16:15:01.000Z","3","5"
"2015-09-16T11:30:01.000Z","83","11"
"2015-09-16T11:43:31.000Z","2","5"
"2015-09-16T12:36:01.000Z","3","5"
"2015-09-16T12:37:31.000Z","3","-5"
"2015-09-16T13:51:01.000Z","83","10"
"2015-09-16T13:58:31.000Z","77","9"
"2015-09-16T14:49:31.000Z","33","-13"
"2015-09-16T15:00:01.000Z","3","5"
"2015-09-16T15:06:01.000Z","3","-5"
"2015-09-16T15:07:31.000Z","2","5"
"2015-09-16T15:12:01.000Z","3","-5"
"2015-09-16T16:10:31.000Z","3","5"
"2015-09-16T16:12:01.000Z","3","-5"
"2015-09-17T09:46:31.000Z","3","-5"
"2015-09-17T10:09:01.000Z","43","16"
"2015-09-17T13:22:31.000Z","33","12"
"2015-09-17T15:15:01.000Z","2","4"
"2015-09-17T15:33:01.000Z","3","5"
"2015-09-17T16:00:01.000Z","3","5"
"2015-09-17T16:03:01.000Z","33","15"
"2015-09-17T16:31:31.000Z","2","-4"
"2015-09-17T17:54:01.000Z","8","-18"
"2015-09-17T18:39:01.000Z","96","17"
"2015-09-18T11:15:01.000Z","3","5"
"2015-09-18T11:16:31.000Z","3","-5"
"2015-09-18T12:19:31.000Z","8","-14"
"2015-09-18T12:54:01.000Z","2","4"
"2015-09-18T12:55:31.000Z","2","-4"
"2015-09-18T13:09:01.000Z","8","-21"
"2015-09-18T13:30:01.000Z","8","-13"
"2015-09-18T15:06:01.000Z","3","5"
"2015-09-18T15:07:31.000Z","2","-4"
"2015-09-18T15:09:01.000Z","3","-5"
"2015-09-18T15:13:31.000Z","3","-5"
"2015-09-18T15:27:01.000Z","2","4"
"2015-09-18T17:24:01.000Z","85","6"
"2015-09-20T04:45:01.000Z","7","11"
"2015-09-20T05:45:01.000Z","7","-14"
"2015-09-20T11:51:01.000Z","8","-16"
"2015-09-21T11:52:31.000Z","2","-4"
"2015-09-21T12:12:01.000Z","2","4"
"2015-09-21T13:33:01.000Z","44","14"
"2015-09-21T16:15:01.000Z","3","5"
"2015-09-22T09:22:31.000Z","31","49"
"2015-09-22T15:07:31.000Z","2","-5"
"2015-09-22T15:34:31.000Z","2","5"
"2015-09-22T16:13:31.000Z","2","-4"
"2015-09-23T03:43:31.000Z","51","18"
"2015-09-23T11:42:01.000Z","2","-4"
"2015-09-23T13:03:01.000Z","3","5"
"2015-09-23T13:04:31.000Z","3","-5"
"2015-09-23T14:57:01.000Z","2","5"
"2015-09-23T14:58:31.000Z","2","-5"
"2015-09-23T15:04:31.000Z","2","-5"
"2015-09-23T15:10:31.000Z","3","-5"
"2015-09-23T15:33:01.000Z","3","-5"
"2015-09-23T16:06:01.000Z","2","4"
"2015-09-23T16:52:31.000Z","3","5"
"2015-09-23T16:54:01.000Z","3","-5"
"2015-09-24T12:27:01.000Z","2","4"
"2015-09-24T12:28:31.000Z","2","-4"
"2015-09-24T14:49:31.000Z","44","6"
"2015-09-24T15:01:31.000Z","3","5"
"2015-09-24T15:03:01.000Z","3","-5"
"2015-09-24T15:09:01.000Z","2","4"
"2015-09-24T15:10:31.000Z","2","-4"
"2015-09-24T15:48:01.000Z","2","-4"
"2015-09-25T11:06:01.000Z","2","4"
"2015-09-25T11:07:31.000Z","2","-4"
"2015-09-25T13:37:31.000Z","3","5"
"2015-09-25T13:39:01.000Z","3","-5"
"2015-09-25T15:06:01.000Z","2","-4"
"2015-09-25T21:07:31.000Z","2","4"
"2015-09-28T13:45:01.000Z","2","4"
"2015-09-28T15:04:31.000Z","2","4"
"2015-09-28T15:06:01.000Z","3","-5"
"2015-09-28T15:12:01.000Z","2","-4"
"2015-09-28T15:37:31.000Z","2","-4"
"2015-09-28T15:39:01.000Z","17","49"
"2015-09-28T16:01:31.000Z","3","-5"
"2015-09-28T16:27:01.000Z","99","-8"
"2015-09-29T07:51:01.000Z","96","14"
"2015-09-29T13:30:01.000Z","3","-5"
"2015-09-29T14:49:31.000Z","2","4"
"2015-09-29T14:51:01.000Z","2","-4"
"2015-09-29T15:07:31.000Z","2","-4"
"2015-09-29T15:51:01.000Z","3","5"
"2015-09-29T16:18:01.000Z","2","4"
"2015-09-29T16:19:31.000Z","2","-5"
"2015-09-30T11:33:01.000Z","3","5"
"2015-09-30T11:34:31.000Z","3","-5"
"2015-09-30T15:04:31.000Z","2","4"
"2015-09-30T15:09:01.000Z","2","4"
"2015-09-30T15:27:01.000Z","3","5"
"2015-09-30T15:28:31.000Z","3","-5"
"2015-09-30T15:58:31.000Z","3","-5"
"2015-10-01T08:01:31.000Z","6","-14"
"2015-10-01T11:46:31.000Z","2","4"
"2015-10-01T11:48:01.000Z","2","-4"
"2015-10-01T12:34:31.000Z","3","5"
"2015-10-01T15:03:01.000Z","2","-4"
"2015-10-01T15:07:31.000Z","2","-5"
"2015-10-01T15:09:01.000Z","2","4"
"2015-10-01T15:12:01.000Z","3","-5"
"2015-10-01T15:15:01.000Z","2","4"
"2015-10-01T15:21:01.000Z","3","5"
"2015-10-01T15:36:01.000Z","3","5"
"2015-10-02T07:39:01.000Z","31","7"
"2015-10-02T10:18:01.000Z","67","30"
"2015-10-02T14:00:01.000Z","2","4"
"2015-10-02T14:40:31.000Z","3","5"
"2015-10-02T14:42:01.000Z","3","-5"
"2015-10-02T15:04:31.000Z","2","4"
"2015-10-02T15:06:01.000Z","2","-4"
"2015-10-02T15:07:31.000Z","3","-5"
"2015-10-02T15:24:01.000Z","3","-5"
"2015-10-02T15:34:31.000Z","3","-5"
"2015-10-02T15:54:01.000Z","2","4"
"2015-10-02T17:00:01.000Z","2","4"
"2015-10-02T17:01:31.000Z","2","-4"
"2015-10-03T14:22:31.000Z","61","43"
"2015-10-04T13:09:01.000Z","95","14"
"2015-10-04T13:27:01.000Z","95","13"
"2015-10-05T09:39:01.000Z","2","4"
"2015-10-05T09:40:31.000Z","2","-4"
"2015-10-05T15:07:31.000Z","3","-5"
"2015-10-05T15:09:01.000Z","2","4"
"2015-10-05T15:13:31.000Z","3","-5"
"2015-10-05T15:16:31.000Z","2","4"
"2015-10-05T15:37:31.000Z","2","4"
"2015-10-05T16:04:31.000Z","2","-5"
"2015-10-05T20:07:31.000Z","87","14"
"2015-10-05T20:42:01.000Z","92","-16"
"2015-10-06T11:33:01.000Z","3","5"
"2015-10-06T11:34:31.000Z","3","-5"
"2015-10-06T11:40:31.000Z","3","-5"
"2015-10-06T14:36:01.000Z","2","4"
"2015-10-06T15:18:01.000Z","3","5"
"2015-10-06T15:19:31.000Z","3","-5"
"2015-10-06T15:34:31.000Z","2","-4"
"2015-10-06T16:00:01.000Z","2","4"
"2015-10-06T16:31:31.000Z","2","-4"
"2015-10-06T23:58:31.000Z","9","18"
"2015-10-07T14:39:01.000Z","3","5"
"2015-10-07T15:01:31.000Z","2","-4"
"2015-10-07T15:13:31.000Z","3","-5"
"2015-10-07T16:24:01.000Z","2","-4"
"2015-10-07T17:21:01.000Z","5","11"
"2015-10-08T10:36:01.000Z","3","5"
"2015-10-08T11:51:01.000Z","96","16"
"2015-10-08T15:04:31.000Z","3","5"
"2015-10-08T15:10:31.000Z","3","5"
"2015-10-08T15:12:01.000Z","2","4"
"2015-10-08T15:15:01.000Z","2","-4"
"2015-10-08T15:39:01.000Z","2","4"
"2015-10-08T16:07:31.000Z","3","5"
"2015-10-08T17:43:31.000Z","2","4"
"2015-10-08T17:45:01.000Z","2","-4"
"2015-10-08T18:27:01.000Z","96","17"
"2015-10-08T18:51:01.000Z","96","16"
"2015-10-09T09:40:31.000Z","67","21"
"2015-10-09T15:09:01.000Z","3","-5"
"2015-10-09T15:22:31.000Z","2","4"
"2015-10-09T15:31:31.000Z","2","4"
"2015-10-09T15:34:31.000Z","2","-4"
"2015-10-09T16:04:31.000Z","2","4"
"2015-10-09T16:06:01.000Z","2","-4"
"2015-10-10T01:10:31.000Z","2","4"
"2015-10-10T01:12:01.000Z","2","-4"
"2015-10-12T12:40:31.000Z","2","4"
"2015-10-12T13:12:01.000Z","26","-6"
"2015-10-13T10:25:31.000Z","2","-4"
"2015-10-13T14:40:31.000Z","2","4"
"2015-10-13T14:42:01.000Z","2","-4"
"2015-10-13T15:04:31.000Z","3","5"
"2015-10-13T15:34:31.000Z","2","5"
"2015-10-13T15:36:01.000Z","2","-4"
"2015-10-13T16:03:01.000Z","2","4"
"2015-10-13T16:12:01.000Z","3","-5"
"2015-10-14T07:45:01.000Z","10","-9"
"2015-10-14T10:42:01.000Z","3","5"
"2015-10-14T10:43:31.000Z","3","-5"
"2015-10-14T14:36:01.000Z","2","4"
"2015-10-14T15:06:01.000Z","2","5"
"2015-10-14T15:10:31.000Z","2","-4"
"2015-10-14T15:12:01.000Z","2","4"
"2015-10-14T15:13:31.000Z","2","-4"
"2015-10-14T15:40:31.000Z","3","5"
"2015-10-14T17:01:31.000Z","2","4"
"2015-10-15T12:00:01.000Z","2","4"
"2015-10-15T12:01:31.000Z","2","-4"
"2015-10-15T15:12:01.000Z","2","4"
"2015-10-15T15:22:31.000Z","2","4"
"2015-10-15T15:45:01.000Z","2","-4"
"2015-10-15T16:04:31.000Z","2","4"
"2015-10-15T16:12:01.000Z","2","4"
"2015-10-15T20:43:31.000Z","2","4"
"2015-10-15T20:45:01.000Z","2","-4"
"2015-10-16T07:36:01.000Z","31","-12"
"2015-10-16T14:42:01.000Z","2","5"
"2015-10-16T14:43:31.000Z","2","-4"
"2015-10-16T14:58:31.000Z","2","4"
"2015-10-16T15:07:31.000Z","3","-5"
"2015-10-16T15:09:01.000Z","2","4"
"2015-10-16T15:34:31.000Z","3","-5"
"2015-10-19T07:16:31.000Z","2","4"
"2015-10-19T09:01:31.000Z","2","4"
"2015-10-19T09:04:31.000Z","2","-4"
"2015-10-19T10:09:01.000Z","2","4"
"2015-10-19T10:39:01.000Z","3","5"
"2015-10-19T14:40:31.000Z","3","5"
"2015-10-19T14:42:01.000Z","3","-5"
"2015-10-19T15:37:31.000Z","2","-4"
"2015-10-19T17:04:31.000Z","3","5"
"2015-10-20T08:39:01.000Z","2","4"
"2015-10-20T08:43:31.000Z","99","-8"
"2015-10-20T12:36:01.000Z","2","4"
"2015-10-20T13:10:31.000Z","66","9"
"2015-10-20T14:07:31.000Z","2","-4"
"2015-10-20T15:06:01.000Z","2","-4"
"2015-10-20T15:13:31.000Z","2","-4"
"2015-10-20T15:21:01.000Z","2","4"
"2015-10-20T15:30:01.000Z","2","4"
"2015-10-20T15:31:31.000Z","2","-4"
"2015-10-21T15:03:01.000Z","3","-5"
"2015-10-21T15:16:31.000Z","3","-5"
"2015-10-21T16:15:01.000Z","2","4"
"2015-10-21T17:01:31.000Z","3","5"
"2015-10-21T17:03:01.000Z","3","-5"
"2015-10-23T08:33:01.000Z","3","5"
"2015-10-23T08:34:31.000Z","3","-5"
"2015-10-23T10:49:31.000Z","2","4"
"2015-10-23T12:42:01.000Z","3","5"
"2015-10-23T12:43:31.000Z","3","-5"
"2015-10-23T15:04:31.000Z","2","5"
"2015-10-23T15:06:01.000Z","2","-4"
"2015-10-23T15:09:01.000Z","2","4"
"2015-10-23T15:12:01.000Z","2","-4"
"2015-10-26T07:01:31.000Z","67","-8"
"2015-10-26T09:36:01.000Z","2","4"
"2015-10-26T09:37:31.000Z","2","-4"
"2015-10-26T15:33:01.000Z","2","5"
"2015-10-26T15:34:31.000Z","3","-5"
"2015-10-26T15:46:31.000Z","3","-5"
"2015-10-26T15:48:01.000Z","3","5"
"2015-10-26T15:49:31.000Z","3","-5"
"2015-10-26T16:04:31.000Z","2","-4"
"2015-10-26T16:06:01.000Z","3","5"
"2015-10-26T16:10:31.000Z","3","5"
"2015-10-27T08:13:31.000Z","82","-6"
"2015-10-27T10:22:31.000Z","3","-5"
"2015-10-27T12:21:01.000Z","2","-4"
"2015-10-27T12:54:01.000Z","2","4"
"2015-10-27T15:03:01.000Z","2","-4"
"2015-10-27T15:39:01.000Z","3","-5"
"2015-10-27T15:57:01.000Z","2","4"
"2015-10-27T15:58:31.000Z","2","-5"
"2015-10-28T14:58:31.000Z","3","-5"
"2015-10-28T15:06:01.000Z","2","5"
"2015-10-28T17:33:01.000Z","2","4"
"2015-10-28T18:33:01.000Z","3","5"
"2015-10-28T18:34:31.000Z","3","-5"
"2015-10-29T15:07:31.000Z","3","-5"
"2015-10-29T15:27:01.000Z","3","-5"
"2015-10-29T16:12:01.000Z","2","4"
"2015-10-29T17:18:01.000Z","2","4"
"2015-10-30T12:21:01.000Z","2","4"
"2015-10-30T13:22:31.000Z","3","5"
"2015-10-30T13:24:01.000Z","3","-5"
"2015-10-30T14:31:31.000Z","3","-5"
"2015-10-30T15:06:01.000Z","2","5"
"2015-10-30T15:09:01.000Z","2","-4"
"2015-10-30T15:31:31.000Z","3","-5"
"2015-10-31T11:43:31.000Z","3","-5"
"2015-11-01T10:55:31.000Z","3","5"
"2015-11-01T10:57:01.000Z","3","-5"
"2015-11-01T13:58:31.000Z","3","5"
"2015-11-01T14:00:01.000Z","3","-5"
"2015-11-02T09:45:01.000Z","2","4"
"2015-11-02T15:25:31.000Z","2","-4"
"2015-11-02T15:36:01.000Z","2","4"
"2015-11-02T15:37:31.000Z","2","-4"
"2015-11-02T16:12:01.000Z","2","4"
"2015-11-03T11:54:01.000Z","3","5"
"2015-11-03T11:55:31.000Z","3","-5"
"2015-11-03T12:06:01.000Z","3","5"
"2015-11-03T15:24:01.000Z","3","5"
"2015-11-03T15:36:01.000Z","2","4"
"2015-11-03T15:37:31.000Z","2","-4"
"2015-11-04T09:51:01.000Z","2","4"
"2015-11-04T09:52:31.000Z","2","-4"
"2015-11-04T10:25:31.000Z","2","4"
"2015-11-04T10:57:01.000Z","3","5"
"2015-11-04T10:58:31.000Z","3","-5"
"2015-11-04T12:48:01.000Z","2","4"
"2015-11-04T15:07:31.000Z","2","4"
"2015-11-04T15:09:01.000Z","2","-5"
"2015-11-04T15:10:31.000Z","3","5"
"2015-11-04T15:36:01.000Z","2","4"
"2015-11-05T12:04:31.000Z","3","5"
"2015-11-05T12:45:01.000Z","67","-9"
"2015-11-05T13:31:31.000Z","2","4"
"2015-11-05T14:28:31.000Z","44","43"
"2015-11-05T15:03:01.000Z","2","4"
"2015-11-05T15:04:31.000Z","2","-4"
"2015-11-05T15:06:01.000Z","2","5"
"2015-11-06T12:36:01.000Z","2","4"
"2015-11-06T15:03:01.000Z","2","4"
"2015-11-06T18:12:01.000Z","2","4"
"2015-11-06T18:13:31.000Z","2","-4"
"2015-11-08T22:03:01.000Z","2","4"
"2015-11-10T11:18:01.000Z","2","4"
"2015-11-10T11:19:31.000Z","2","-4"
"2015-11-10T14:27:01.000Z","3","5"
"2015-11-10T15:07:31.000Z","2","-4"
"2015-11-10T15:21:01.000Z","3","5"
"2015-11-10T15:22:31.000Z","3","-5"
"2015-11-10T15:34:31.000Z","3","5"
"2015-11-10T16:43:31.000Z","3","-5"
"2015-11-10T17:04:31.000Z","2","4"
"2015-11-10T17:06:01.000Z","2","-4"
"2015-11-10T18:52:31.000Z","2","4"
"2015-11-10T18:54:01.000Z","2","-4"
"2015-11-12T12:39:01.000Z","3","5"
"2015-11-12T12:40:31.000Z","3","-5"
"2015-11-12T15:16:31.000Z","3","5"
"2015-11-12T15:18:01.000Z","3","-5"
"2015-11-12T15:37:31.000Z","2","5"
"2015-11-12T15:39:01.000Z","2","-4"
"2015-11-12T16:03:01.000Z","3","-5"
"2015-11-12T16:04:31.000Z","2","4"
"2015-11-13T06:58:31.000Z","49","-11"
"2015-11-13T14:12:01.000Z","3","5"
"2015-11-13T14:13:31.000Z","3","-5"
"2015-11-13T15:04:31.000Z","2","5"
"2015-11-13T15:22:31.000Z","3","5"
"2015-11-13T15:25:31.000Z","3","-5"
"2015-11-13T16:01:31.000Z","3","5"
"2015-11-13T17:04:31.000Z","2","4"
"2015-11-13T17:10:31.000Z","28","27"
"2015-11-16T15:04:31.000Z","2","5"
"2015-11-16T15:09:01.000Z","2","4"
"2015-11-16T15:15:01.000Z","3","5"
"2015-11-16T15:36:01.000Z","2","-4"
"2015-11-16T16:10:31.000Z","3","-5"
"2015-11-17T15:06:01.000Z","2","4"
"2015-11-17T15:07:31.000Z","3","-5"
"2015-11-17T15:40:31.000Z","2","-5"
"2015-11-18T09:12:01.000Z","2","-4"
"2015-11-18T14:27:01.000Z","2","4"
"2015-11-18T15:03:01.000Z","3","5"
"2015-11-18T15:04:31.000Z","3","-5"
"2015-11-18T15:13:31.000Z","2","-4"
"2015-11-18T16:12:01.000Z","2","4"
"2015-11-18T16:13:31.000Z","2","-4"
"2015-11-18T16:46:31.000Z","3","5"
"2015-11-19T14:58:31.000Z","44","24"
"2015-11-19T15:06:01.000Z","3","-5"
"2015-11-19T15:07:31.000Z","2","-5"
"2015-11-19T15:09:01.000Z","2","4"
"2015-11-19T15:10:31.000Z","2","-4"
"2015-11-19T15:12:01.000Z","2","4"
"2015-11-19T15:13:31.000Z","2","-4"
"2015-11-19T15:37:31.000Z","3","-5"
"2015-11-19T15:39:01.000Z","3","5"
"2015-11-19T16:09:01.000Z","2","4"
"2015-11-19T17:13:31.000Z","3","-5"
"2015-11-20T10:09:01.000Z","2","4"
"2015-11-20T10:10:31.000Z","2","-4"
"2015-11-20T14:06:01.000Z","8","17"
"2015-11-20T14:57:01.000Z","3","5"
"2015-11-20T15:07:31.000Z","3","-5"
"2015-11-20T15:09:01.000Z","2","4"
"2015-11-20T15:16:31.000Z","2","4"
"2015-11-21T11:46:31.000Z","8","-20"
"2015-11-23T11:30:01.000Z","10","55"
"2015-11-23T12:18:01.000Z","2","4"
"2015-11-23T13:16:31.000Z","2","4"
"2015-11-23T13:18:01.000Z","2","-4"
"2015-11-23T14:25:31.000Z","3","5"
"2015-11-23T14:27:01.000Z","3","-5"
"2015-11-23T15:36:01.000Z","2","4"
"2015-11-23T15:37:31.000Z","2","-4"
"2015-11-23T15:58:31.000Z","2","4"
"2015-11-23T16:27:01.000Z","2","-4"
"2015-11-24T09:45:01.000Z","3","5"
"2015-11-24T09:46:31.000Z","3","-5"
"2015-11-24T11:46:31.000Z","2","4"
"2015-11-24T15:03:01.000Z","2","4"
"2015-11-24T15:04:31.000Z","2","-4"
"2015-11-24T15:06:01.000Z","2","4"
"2015-11-24T15:10:31.000Z","3","-5"
"2015-11-24T16:00:01.000Z","2","4"
"2015-11-24T20:03:01.000Z","3","5"
"2015-11-24T20:04:31.000Z","3","-5"
"2015-11-25T10:22:31.000Z","2","-4"
"2015-11-25T15:09:01.000Z","2","5"
"2015-11-25T15:10:31.000Z","2","-5"
"2015-11-25T16:21:01.000Z","3","5"
"2015-11-25T16:31:31.000Z","3","5"
"2015-11-26T13:49:31.000Z","2","4"
"2015-11-26T13:51:01.000Z","2","-4"
"2015-11-26T15:04:31.000Z","3","-5"
"2015-11-26T15:36:01.000Z","2","4"
"2015-11-26T15:37:31.000Z","2","-4"
"2015-11-26T15:51:01.000Z","2","4"
"2015-11-27T14:39:01.000Z","3","5"
"2015-11-27T15:04:31.000Z","2","4"
"2015-11-27T15:31:31.000Z","2","4"
"2015-11-27T15:33:01.000Z","2","-4"
"2015-11-27T15:51:01.000Z","3","5"
"2015-11-27T15:52:31.000Z","3","-5"
"2015-11-28T16:45:01.000Z","96","13"
"2015-11-30T12:12:01.000Z","3","5"
"2015-11-30T14:42:01.000Z","2","4"
"2015-11-30T14:57:01.000Z","3","-5"
"2015-11-30T15:42:01.000Z","3","-5"
"2015-11-30T16:07:31.000Z","2","4"
"2015-11-30T16:12:01.000Z","3","-5"
"2015-11-30T16:39:01.000Z","3","5"
"2015-11-30T17:13:31.000Z","3","5"
"2015-11-30T17:15:01.000Z","3","-5"
"2015-11-30T17:37:31.000Z","2","4"
"2015-12-01T07:33:01.000Z","19","20"
"2015-12-01T08:58:31.000Z","3","-5"
"2015-12-01T09:13:31.000Z","3","5"
"2015-12-01T09:40:31.000Z","3","-5"
"2015-12-01T15:06:01.000Z","2","5"
"2015-12-01T15:15:01.000Z","3","-5"
"2015-12-01T15:40:31.000Z","3","5"
"2015-12-01T15:57:01.000Z","2","4"
"2015-12-01T16:01:31.000Z","3","-5"
"2015-12-01T16:06:01.000Z","2","-5"
"2015-12-01T17:21:01.000Z","3","5"
"2015-12-02T15:04:31.000Z","2","4"
"2015-12-02T15:09:01.000Z","2","-4"
"2015-12-02T15:12:01.000Z","2","4"
"2015-12-02T15:16:31.000Z","2","5"
"2015-12-02T15:18:01.000Z","2","-5"
"2015-12-02T16:03:01.000Z","2","4"
"2015-12-02T16:21:01.000Z","3","5"
"2015-12-02T23:58:31.000Z","9","-11"
"2015-12-03T11:15:01.000Z","13","14"
"2015-12-03T11:40:31.000Z","3","-5"
"2015-12-03T12:18:01.000Z","3","-5"
"2015-12-03T12:21:01.000Z","3","5"
"2015-12-03T12:22:31.000Z","3","-5"
"2015-12-03T14:54:01.000Z","2","4"
"2015-12-03T15:06:01.000Z","2","5"
"2015-12-03T15:10:31.000Z","2","-5"
"2015-12-03T15:12:01.000Z","3","5"
"2015-12-03T15:19:31.000Z","3","5"
"2015-12-03T15:21:01.000Z","3","-5"
"2015-12-03T15:22:31.000Z","3","5"
"2015-12-04T10:40:31.000Z","3","-5"
"2015-12-04T11:19:31.000Z","61","-11"
"2015-12-04T13:09:01.000Z","3","-5"
"2015-12-04T14:54:01.000Z","3","5"
"2015-12-04T15:03:01.000Z","2","4"
"2015-12-04T15:06:01.000Z","3","-5"
"2015-12-04T15:13:31.000Z","3","5"
"2015-12-04T15:39:01.000Z","3","-5"
"2015-12-04T16:10:31.000Z","2","5"
"2015-12-04T16:12:01.000Z","2","-4"
"2015-12-06T09:01:31.000Z","10","10"
"2015-12-07T14:06:01.000Z","2","4"
"2015-12-07T15:06:01.000Z","3","-5"
"2015-12-07T15:12:01.000Z","3","-5"
"2015-12-07T15:27:01.000Z","13","-7"
"2015-12-07T16:09:01.000Z","3","5"
"2015-12-07T16:19:31.000Z","2","4"
"2015-12-08T12:30:01.000Z","2","5"
"2015-12-08T14:34:31.000Z","2","4"
"2015-12-08T15:04:31.000Z","2","5"
"2015-12-08T15:10:31.000Z","2","5"
"2015-12-08T15:15:01.000Z","3","-5"
"2015-12-08T15:19:31.000Z","2","-4"
"2015-12-08T16:21:01.000Z","3","5"
"2015-12-08T18:01:31.000Z","3","5"
"2015-12-08T18:03:01.000Z","3","-5"
"2015-12-08T19:22:31.000Z","2","4"
"2015-12-08T19:24:01.000Z","2","-4"
"2015-12-09T09:55:31.000Z","2","4"
"2015-12-09T09:57:01.000Z","2","-4"
"2015-12-09T12:40:31.000Z","2","-4"
"2015-12-09T15:03:01.000Z","2","4"
"2015-12-09T15:09:01.000Z","2","4"
"2015-12-09T15:15:01.000Z","3","5"
"2015-12-09T15:40:31.000Z","2","4"
"2015-12-09T16:13:31.000Z","3","5"
"2015-12-11T12:46:31.000Z","10","29"
"2015-12-11T15:04:31.000Z","2","5"
"2015-12-11T15:06:01.000Z","2","-5"
"2015-12-11T15:07:31.000Z","3","5"
"2015-12-11T15:12:01.000Z","3","-5"
"2015-12-11T15:34:31.000Z","2","-4"
"2015-12-11T15:36:01.000Z","2","5"
"2015-12-11T15:37:31.000Z","2","-5"
"2015-12-14T09:03:01.000Z","3","-5"
"2015-12-14T12:28:31.000Z","3","5"
"2015-12-14T13:36:01.000Z","3","5"
"2015-12-14T13:37:31.000Z","3","-5"
"2015-12-14T16:03:01.000Z","2","-4"
"2015-12-14T16:24:01.000Z","3","5"
"2015-12-15T08:21:01.000Z","13","-12"
"2015-12-15T13:43:31.000Z","55","8"
"2015-12-15T14:19:34.000Z","53","17"
"2015-12-15T14:30:01.000Z","55","6"
"2015-12-15T14:43:31.000Z","2","-4"
"2015-12-15T15:06:01.000Z","2","4"
"2015-12-15T15:07:31.000Z","2","-4"
"2015-12-16T07:24:01.000Z","20","11"
"2015-12-16T15:04:31.000Z","2","-4"
"2015-12-16T15:06:01.000Z","3","5"
"2015-12-16T16:06:01.000Z","3","5"
"2015-12-17T10:25:31.000Z","90","-8"
"2015-12-17T11:28:31.000Z","3","-5"
"2015-12-17T14:27:01.000Z","2","-4"
"2015-12-17T15:06:01.000Z","3","5"
"2015-12-17T15:10:31.000Z","3","-5"
"2015-12-17T15:12:01.000Z","3","5"
"2015-12-17T15:18:01.000Z","2","4"
"2015-12-17T15:24:01.000Z","2","5"
"2015-12-17T15:25:31.000Z","2","-4"
"2015-12-17T15:52:31.000Z","2","4"
"2015-12-17T15:57:01.000Z","2","-4"
"2015-12-17T16:04:31.000Z","2","5"
"2015-12-17T16:39:01.000Z","3","5"
"2015-12-17T16:40:31.000Z","3","-5"
"2015-12-17T18:52:31.000Z","2","4"
"2015-12-18T08:57:01.000Z","3","5"
"2015-12-18T08:58:31.000Z","3","-5"
"2015-12-18T13:34:31.000Z","3","5"
"2015-12-18T15:07:31.000Z","2","5"
"2015-12-18T15:09:01.000Z","2","-5"
"2015-12-18T15:10:31.000Z","2","4"
"2015-12-18T15:42:01.000Z","3","5"
"2015-12-18T20:00:01.000Z","13","-7"
"2015-12-19T16:45:01.000Z","13","31"
"2015-12-20T12:10:31.000Z","2","4"
"2015-12-20T12:12:01.000Z","2","-4"
"2015-12-21T13:46:31.000Z","2","-4"
"2015-12-21T15:19:31.000Z","3","-5"
"2015-12-21T15:37:31.000Z","3","-5"
"2015-12-21T23:58:31.000Z","9","-11"
"2015-12-22T12:01:31.000Z","3","5"
"2015-12-22T12:16:31.000Z","2","4"
"2015-12-22T12:18:01.000Z","2","-4"
"2015-12-22T15:04:31.000Z","2","4"
"2015-12-22T15:06:01.000Z","2","-5"
"2015-12-22T15:07:31.000Z","2","5"
"2015-12-22T15:31:31.000Z","2","4"
"2015-12-22T15:36:01.000Z","2","-4"
"2015-12-22T15:42:01.000Z","3","-5"
"2015-12-22T15:45:01.000Z","3","5"
"2015-12-22T15:48:01.000Z","3","-5"
"2015-12-22T15:52:31.000Z","2","-4"
"2015-12-22T15:54:01.000Z","2","4"
"2015-12-23T10:48:01.000Z","3","5"
"2015-12-23T10:49:31.000Z","3","-5"
"2015-12-23T12:19:31.000Z","3","5"
"2015-12-23T13:52:31.000Z","2","4"
"2015-12-23T13:54:01.000Z","2","-4"
"2015-12-23T14:04:31.000Z","2","4"
"2015-12-23T14:10:31.000Z","3","5"
"2015-12-23T14:39:01.000Z","2","4"
"2015-12-23T15:07:31.000Z","2","-4"
"2015-12-23T15:42:01.000Z","3","5"
"2015-12-28T15:04:31.000Z","3","-5"
"2015-12-28T15:34:31.000Z","2","4"
"2015-12-29T07:54:01.000Z","2","-4"
"2015-12-29T10:04:31.000Z","61","40"
"2015-12-29T14:43:31.000Z","99","8"
"2015-12-29T15:06:01.000Z","2","-4"
"2015-12-29T15:10:31.000Z","3","5"
"2015-12-29T15:18:01.000Z","2","4"
"2015-12-29T15:19:31.000Z","2","-4"
"2015-12-29T19:10:31.000Z","61","53"
"2015-12-30T12:15:01.000Z","89","-7"
"2015-12-30T15:01:31.000Z","67","30"
"2015-12-31T10:36:01.000Z","10","-6"
"2016-01-04T12:10:31.000Z","3","5"
"2016-01-04T13:15:01.000Z","3","5"
"2016-01-04T15:09:01.000Z","2","4"
"2016-01-04T15:16:31.000Z","3","5"
"2016-01-04T15:18:01.000Z","3","-5"
"2016-01-05T09:42:01.000Z","31","-7"
"2016-01-05T10:51:01.000Z","3","5"
"2016-01-05T11:21:01.000Z","3","-5"
"2016-01-05T12:58:31.000Z","23","-6"
"2016-01-05T13:00:01.000Z","3","5"
"2016-01-05T13:01:31.000Z","3","-5"
"2016-01-05T14:55:31.000Z","2","4"
"2016-01-05T15:07:31.000Z","3","-5"
"2016-01-05T15:24:01.000Z","2","-4"
"2016-01-07T10:24:01.000Z","2","4"
"2016-01-07T13:10:31.000Z","2","4"
"2016-01-07T13:12:01.000Z","2","-4"
"2016-01-07T13:52:31.000Z","2","4"
"2016-01-07T14:18:01.000Z","67","33"
"2016-01-07T14:46:31.000Z","2","4"
"2016-01-07T14:48:01.000Z","2","-4"
"2016-01-07T15:06:01.000Z","3","-5"
"2016-01-07T15:07:31.000Z","2","4"
"2016-01-07T16:06:01.000Z","2","-4"
"2016-01-08T12:12:01.000Z","2","4"
"2016-01-08T15:06:01.000Z","2","4"
"2016-01-08T15:18:01.000Z","2","4"
"2016-01-08T15:31:31.000Z","3","-5"
"2016-01-08T15:37:31.000Z","3","-5"
"2016-01-09T13:36:01.000Z","2","4"
"2016-01-09T13:37:31.000Z","2","-4"
"2016-01-11T00:54:01.000Z","57","55"
"2016-01-11T15:13:31.000Z","3","-5"
"2016-01-11T15:15:01.000Z","2","4"
"2016-01-12T15:10:31.000Z","2","4"
"2016-01-12T15:12:01.000Z","3","-5"
"2016-01-12T15:24:01.000Z","3","5"
"2016-01-12T15:34:31.000Z","3","-5"
"2016-01-12T15:40:31.000Z","3","-5"
"2016-01-13T15:07:31.000Z","2","4"
"2016-01-13T15:09:01.000Z","3","-5"
"2016-01-13T15:10:31.000Z","2","4"
"2016-01-14T14:52:31.000Z","2","4"
"2016-01-14T15:07:31.000Z","3","5"
"2016-01-14T15:09:01.000Z","3","-5"
"2016-01-14T15:12:01.000Z","3","5"
"2016-01-14T15:16:31.000Z","3","-5"
"2016-01-14T16:01:31.000Z","3","5"
"2016-01-14T18:24:01.000Z","44","-11"
"2016-01-15T15:03:01.000Z","3","-5"
"2016-01-15T15:07:31.000Z","2","-4"
"2016-01-15T15:33:01.000Z","2","-4"
"2016-01-15T15:45:01.000Z","13","-7"
"2016-01-15T16:01:31.000Z","3","5"
"2016-01-15T16:03:01.000Z","3","-5"
"2016-01-18T08:45:01.000Z","13","15"
"2016-01-18T14:48:01.000Z","2","4"
"2016-01-18T14:49:31.000Z","2","-4"
"2016-01-18T15:13:31.000Z","3","-5"
"2016-01-18T16:07:31.000Z","3","5"
"2016-01-18T16:13:31.000Z","2","4"
"2016-01-19T08:40:31.000Z","99","-7"
"2016-01-19T11:43:31.000Z","99","10"
"2016-01-19T13:36:01.000Z","99","6"
"2016-01-19T13:52:31.000Z","97","-9"
"2016-01-19T14:00:01.000Z","99","7"
"2016-01-19T14:18:01.000Z","80","7"
"2016-01-19T15:04:31.000Z","3","-5"
"2016-01-19T15:06:01.000Z","96","20"
"2016-01-19T16:04:31.000Z","2","4"
"2016-01-19T16:06:01.000Z","2","-4"
"2016-01-20T09:33:01.000Z","2","-4"
"2016-01-20T12:42:01.000Z","2","4"
"2016-01-20T12:43:31.000Z","2","-4"
"2016-01-20T13:19:31.000Z","3","5"
"2016-01-20T14:39:01.000Z","2","4"
"2016-01-20T15:07:31.000Z","89","-6"
"2016-01-20T15:16:31.000Z","99","7"
"2016-01-20T15:24:01.000Z","99","-12"
"2016-01-20T15:28:31.000Z","9","9"
"2016-01-20T15:34:31.000Z","3","-5"
"2016-01-20T15:43:31.000Z","56","7"
"2016-01-20T15:54:01.000Z","54","15"
"2016-01-21T12:24:01.000Z","2","4"
"2016-01-21T12:25:31.000Z","2","-4"
"2016-01-21T15:07:31.000Z","3","-5"
"2016-01-21T15:13:31.000Z","2","-4"
"2016-01-21T15:15:01.000Z","2","4"
"2016-01-21T15:22:31.000Z","2","4"
"2016-01-21T15:24:01.000Z","2","-4"
"2016-01-21T15:27:01.000Z","2","5"
"2016-01-21T16:10:31.000Z","3","-5"
"2016-01-21T18:33:01.000Z","2","4"
"2016-01-21T18:34:31.000Z","2","-4"
"2016-01-22T11:55:31.000Z","12","-13"
"2016-01-22T13:36:01.000Z","3","5"
"2016-01-22T13:37:31.000Z","3","-5"
"2016-01-22T15:04:31.000Z","3","5"
"2016-01-22T15:07:31.000Z","2","-4"
"2016-01-22T15:15:01.000Z","3","5"
"2016-01-25T10:00:01.000Z","2","4"
"2016-01-25T12:45:01.000Z","3","-5"
"2016-01-25T13:16:31.000Z","3","5"
"2016-01-25T13:18:01.000Z","3","-5"
"2016-01-25T14:16:31.000Z","2","-4"
"2016-01-25T15:07:31.000Z","3","5"
"2016-01-25T15:12:01.000Z","3","-5"
"2016-01-26T14:03:01.000Z","3","5"
"2016-01-26T14:55:31.000Z","67","7"
"2016-01-27T13:49:31.000Z","13","-9"
"2016-01-27T15:04:31.000Z","2","4"
"2016-01-27T15:15:01.000Z","2","5"
"2016-01-27T15:16:31.000Z","2","-5"
"2016-01-27T16:01:31.000Z","2","4"
"2016-01-28T14:16:31.000Z","2","4"
"2016-01-28T15:01:31.000Z","2","4"
"2016-01-28T15:04:31.000Z","2","-4"
"2016-01-28T15:10:31.000Z","2","-5"
"2016-01-28T15:12:01.000Z","2","5"
"2016-01-28T15:13:31.000Z","2","-4"
"2016-01-28T15:21:01.000Z","3","5"
"2016-01-28T15:22:31.000Z","3","-5"
"2016-01-28T15:34:31.000Z","3","5"
"2016-01-28T15:36:01.000Z","2","-4"
"2016-01-28T16:21:01.000Z","3","5"
"2016-01-29T23:58:31.000Z","51","-8"
"2016-02-01T07:57:01.000Z","44","6"
"2016-02-01T11:10:31.000Z","3","5"
"2016-02-01T11:12:01.000Z","3","-5"
"2016-02-01T14:28:31.000Z","67","31"
"2016-02-01T14:36:01.000Z","3","-5"
"2016-02-01T14:40:31.000Z","3","5"
"2016-02-01T14:42:01.000Z","3","-5"
"2016-02-01T14:52:31.000Z","2","4"
"2016-02-01T15:07:31.000Z","2","-4"
"2016-02-01T15:33:01.000Z","2","-4"
"2016-02-01T15:36:01.000Z","3","5"
"2016-02-01T15:51:01.000Z","3","-5"
"2016-02-01T16:01:31.000Z","3","-5"
"2016-02-01T16:06:01.000Z","2","5"
"2016-02-01T16:07:31.000Z","3","-5"
"2016-02-01T16:40:31.000Z","99","-8"
"2016-02-01T17:07:31.000Z","2","-4"
"2016-02-01T20:10:31.000Z","44","-7"
"2016-02-02T06:55:31.000Z","78","14"
"2016-02-02T07:42:16.000Z","80","6"
"2016-02-02T07:52:31.000Z","2","4"
"2016-02-02T09:42:01.000Z","44","8"
"2016-02-02T13:18:01.000Z","3","5"
"2016-02-02T13:55:31.000Z","2","-4"
"2016-02-02T15:06:01.000Z","3","5"
"2016-02-02T15:09:01.000Z","2","-5"
"2016-02-02T15:10:31.000Z","3","-5"
"2016-02-02T15:12:01.000Z","2","4"
"2016-02-02T15:31:31.000Z","2","4"
"2016-02-03T07:40:31.000Z","5","-10"
"2016-02-03T08:55:31.000Z","44","11"
"2016-02-03T13:30:01.000Z","3","5"
"2016-02-03T15:03:01.000Z","3","5"
"2016-02-03T15:06:01.000Z","3","-5"
"2016-02-03T15:07:31.000Z","3","5"
"2016-02-03T15:10:31.000Z","2","-4"
"2016-02-03T15:12:01.000Z","3","-5"
"2016-02-03T15:13:31.000Z","2","4"
"2016-02-03T15:15:01.000Z","2","-4"
"2016-02-03T15:19:31.000Z","3","5"
"2016-02-03T15:51:01.000Z","44","-7"
"2016-02-03T15:54:01.000Z","13","11"
"2016-02-03T16:09:01.000Z","3","5"
"2016-02-03T16:55:31.000Z","96","16"
"2016-02-04T13:04:31.000Z","2","4"
"2016-02-04T13:06:01.000Z","2","-4"
"2016-02-04T15:03:01.000Z","3","5"
"2016-02-04T15:04:31.000Z","3","-5"
"2016-02-04T15:07:31.000Z","2","-5"
"2016-02-04T15:15:01.000Z","2","5"
"2016-02-04T15:16:31.000Z","2","-5"
"2016-02-04T15:28:31.000Z","2","4"
"2016-02-04T16:31:31.000Z","3","5"
"2016-02-05T13:09:01.000Z","2","4"
"2016-02-05T14:48:01.000Z","3","5"
"2016-02-05T15:15:01.000Z","10","11"
"2016-02-05T15:28:31.000Z","2","4"
"2016-02-05T15:30:01.000Z","2","-5"
"2016-02-05T15:36:01.000Z","2","-4"
"2016-02-05T15:40:31.000Z","2","-4"
"2016-02-05T15:46:31.000Z","3","5"
"2016-02-05T15:48:01.000Z","3","-5"
"2016-02-08T15:03:01.000Z","3","-5"
"2016-02-08T15:06:01.000Z","2","5"
"2016-02-08T15:10:31.000Z","2","4"
"2016-02-08T15:22:31.000Z","2","4"
"2016-02-08T15:24:01.000Z","2","-4"
"2016-02-09T13:52:31.000Z","13","14"
"2016-02-09T15:06:01.000Z","3","5"
"2016-02-09T15:07:31.000Z","2","-5"
"2016-02-09T15:09:01.000Z","2","5"
"2016-02-09T15:10:31.000Z","3","-5"
"2016-02-09T15:12:01.000Z","2","4"
"2016-02-09T15:13:31.000Z","2","-4"
"2016-02-09T15:18:01.000Z","3","-5"
"2016-02-09T16:07:31.000Z","2","-4"
"2016-02-10T12:42:01.000Z","2","5"
"2016-02-10T12:43:31.000Z","2","-4"
"2016-02-10T14:42:01.000Z","2","-4"
"2016-02-10T15:07:31.000Z","2","-4"
"2016-02-10T16:03:01.000Z","2","-4"
"2016-02-10T16:18:01.000Z","3","5"
"2016-02-11T07:22:31.000Z","13","6"
"2016-02-11T11:51:01.000Z","61","9"
"2016-02-11T13:28:31.000Z","64","9"
"2016-02-11T13:52:31.000Z","71","-13"
"2016-02-11T14:51:01.000Z","3","5"
"2016-02-11T14:52:31.000Z","3","-5"
"2016-02-11T15:03:01.000Z","3","5"
"2016-02-11T15:06:01.000Z","3","-5"
"2016-02-11T15:10:31.000Z","3","-5"
"2016-02-11T15:12:01.000Z","2","-4"
"2016-02-11T15:33:01.000Z","2","-4"
"2016-02-11T16:19:31.000Z","3","5"
"2016-02-11T16:21:01.000Z","3","-5"
"2016-02-12T07:21:45.000Z","97","12"
"2016-02-12T09:25:31.000Z","92","19"
"2016-02-12T10:07:31.000Z","60","15"
"2016-02-12T13:28:31.000Z","2","4"
"2016-02-12T14:24:01.000Z","3","5"
"2016-02-12T14:52:31.000Z","3","5"
"2016-02-12T15:07:31.000Z","2","-4"
"2016-02-14T18:45:01.000Z","57","9"
"2016-02-15T11:54:01.000Z","2","4"
"2016-02-15T11:55:31.000Z","2","-4"
"2016-02-15T13:27:01.000Z","3","5"
"2016-02-15T15:06:01.000Z","2","-5"
"2016-02-15T15:07:31.000Z","3","5"
"2016-02-15T15:13:31.000Z","2","-4"
"2016-02-15T15:22:31.000Z","3","5"
"2016-02-15T15:24:01.000Z","3","-5"
"2016-02-15T15:31:31.000Z","2","5"
"2016-02-15T15:33:01.000Z","2","-4"
"2016-02-15T16:00:01.000Z","2","4"
"2016-02-15T18:37:31.000Z","13","46"
"2016-02-16T10:19:31.000Z","2","4"
"2016-02-16T10:33:01.000Z","2","4"
"2016-02-16T14:39:01.000Z","13","26"
"2016-02-16T15:06:01.000Z","2","-5"
"2016-02-16T15:07:31.000Z","2","5"
"2016-02-16T15:34:31.000Z","2","-4"
"2016-02-16T15:42:01.000Z","3","5"
"2016-02-16T15:43:31.000Z","3","-5"
"2016-02-16T19:09:01.000Z","3","5"
"2016-02-16T19:10:31.000Z","3","-5"
"2016-02-17T11:24:01.000Z","2","4"
"2016-02-17T13:28:31.000Z","2","4"
"2016-02-17T15:06:01.000Z","2","4"
"2016-02-17T15:10:31.000Z","2","-5"
"2016-02-17T16:07:31.000Z","3","-5"
"2016-02-17T16:09:01.000Z","10","14"
"2016-02-18T10:19:31.000Z","2","4"
"2016-02-18T10:21:01.000Z","2","-4"
"2016-02-18T12:36:01.000Z","2","4"
"2016-02-18T15:04:31.000Z","2","5"
"2016-02-18T15:30:01.000Z","2","-4"
"2016-02-18T15:36:01.000Z","3","-5"
"2016-02-18T16:01:31.000Z","2","5"
"2016-02-18T16:03:01.000Z","2","-4"
"2016-02-18T16:06:01.000Z","2","4"
"2016-02-19T12:18:01.000Z","3","5"
"2016-02-19T12:19:31.000Z","3","-5"
"2016-02-19T12:42:01.000Z","2","4"
"2016-02-19T12:43:31.000Z","2","-4"
"2016-02-19T13:06:01.000Z","67","-7"
"2016-02-19T14:36:01.000Z","3","5"
"2016-02-19T15:25:31.000Z","2","-4"
"2016-02-19T15:42:01.000Z","3","-5"
"2016-02-19T16:12:01.000Z","2","-4"
"2016-02-19T16:34:31.000Z","2","-4"
"2016-02-21T06:31:31.000Z","51","7"
"2016-02-22T10:52:31.000Z","3","5"
"2016-02-22T10:54:01.000Z","3","-5"
"2016-02-22T11:49:31.000Z","2","-4"
"2016-02-22T12:10:31.000Z","49","-9"
"2016-02-22T13:25:31.000Z","70","-6"
"2016-02-22T14:07:31.000Z","2","4"
"2016-02-22T14:09:01.000Z","2","-4"
"2016-02-22T14:12:01.000Z","76","17"
"2016-02-22T15:12:01.000Z","2","4"
"2016-02-22T15:16:31.000Z","2","5"
"2016-02-22T15:31:31.000Z","2","-4"
"2016-02-22T15:37:31.000Z","3","-5"
"2016-02-22T17:27:01.000Z","2","4"
"2016-02-22T17:28:31.000Z","2","-4"
"2016-02-23T11:46:31.000Z","19","20"
"2016-02-23T15:06:01.000Z","3","-5"
"2016-02-23T15:07:31.000Z","3","5"
"2016-02-23T15:16:31.000Z","3","-5"
"2016-02-23T15:24:01.000Z","2","4"
"2016-02-23T15:25:31.000Z","2","-4"
"2016-02-23T15:30:01.000Z","3","5"
"2016-02-23T15:46:31.000Z","2","4"
"2016-02-23T15:48:01.000Z","2","-4"
"2016-02-23T16:16:31.000Z","3","-5"
"2016-02-23T18:57:01.000Z","13","22"
"2016-02-24T09:57:01.000Z","3","5"
"2016-02-24T13:06:01.000Z","2","5"
"2016-02-24T13:13:31.000Z","2","4"
"2016-02-24T13:15:01.000Z","2","-4"
"2016-02-24T15:09:01.000Z","3","-5"
"2016-02-24T15:10:31.000Z","2","-5"
"2016-02-24T15:12:01.000Z","3","5"
"2016-02-24T15:30:01.000Z","2","4"
"2016-02-25T09:03:01.000Z","2","4"
"2016-02-25T15:13:31.000Z","2","4"
"2016-02-25T16:31:31.000Z","2","4"
"2016-02-25T17:30:01.000Z","3","-5"
"2016-02-25T23:58:31.000Z","28","10"
"2016-02-26T06:58:31.000Z","49","29"
"2016-02-26T14:30:01.000Z","2","5"
"2016-02-26T14:31:31.000Z","2","-5"
"2016-02-26T15:01:31.000Z","3","5"
"2016-02-26T15:33:01.000Z","3","-5"
"2016-02-26T16:09:01.000Z","2","4"
"2016-02-26T16:10:31.000Z","2","-5"
"2016-02-26T16:19:31.000Z","3","5"
"2016-03-01T09:40:31.000Z","2","4"
"2016-03-01T09:42:01.000Z","2","-4"
"2016-03-01T14:04:31.000Z","2","4"
"2016-03-01T14:06:01.000Z","2","-4"
"2016-03-01T15:04:31.000Z","3","-5"
"2016-03-01T15:06:01.000Z","2","4"
"2016-03-01T15:10:31.000Z","2","-5"
"2016-03-01T15:12:01.000Z","3","5"
"2016-03-01T15:16:31.000Z","3","-5"
"2016-03-01T15:25:31.000Z","2","4"
"2016-03-01T15:27:01.000Z","2","-4"
"2016-03-01T15:39:01.000Z","2","-4"
"2016-03-01T16:04:31.000Z","3","5"
"2016-03-01T17:09:01.000Z","3","5"
"2016-03-01T17:10:31.000Z","2","-4"
"2016-03-02T14:33:01.000Z","2","4"
"2016-03-02T15:06:01.000Z","3","5"
"2016-03-02T15:13:31.000Z","2","4"
"2016-03-02T15:28:31.000Z","2","-4"
"2016-03-02T15:33:01.000Z","3","-5"
"2016-03-02T16:01:31.000Z","2","-4"
"2016-03-02T17:18:01.000Z","2","4"
"2016-03-02T17:19:31.000Z","2","-4"
"2016-03-03T08:51:01.000Z","43","28"
"2016-03-03T12:16:31.000Z","2","4"
"2016-03-03T12:21:01.000Z","3","5"
"2016-03-03T15:00:01.000Z","2","4"
"2016-03-03T15:10:31.000Z","2","-4"
"2016-03-03T15:24:01.000Z","2","4"
"2016-03-03T16:03:01.000Z","3","5"
"2016-03-03T16:06:01.000Z","2","-4"
"2016-03-03T20:42:01.000Z","3","5"
"2016-03-03T20:43:31.000Z","3","-5"
"2016-03-04T06:25:31.000Z","13","7"
"2016-03-04T13:27:01.000Z","2","5"
"2016-03-04T13:28:31.000Z","2","-4"
"2016-03-04T14:19:31.000Z","3","5"
"2016-03-04T14:21:01.000Z","3","-5"
"2016-03-04T15:03:01.000Z","2","4"
"2016-03-04T15:06:01.000Z","2","-5"
"2016-03-04T15:09:01.000Z","2","4"
"2016-03-04T15:12:01.000Z","3","-5"
"2016-03-04T15:13:31.000Z","3","5"
"2016-03-04T16:18:01.000Z","3","5"
"2016-03-04T16:19:31.000Z","3","-5"
"2016-03-06T19:51:01.000Z","2","-4"
"2016-03-07T12:40:31.000Z","2","4"
"2016-03-07T12:42:01.000Z","2","-4"
"2016-03-07T13:33:01.000Z","66","56"
"2016-03-07T15:04:31.000Z","2","4"
"2016-03-07T15:06:01.000Z","2","-4"
"2016-03-07T15:13:31.000Z","3","5"
"2016-03-07T15:31:31.000Z","2","4"
"2016-03-07T15:36:01.000Z","2","4"
"2016-03-07T16:04:31.000Z","3","-5"
"2016-03-08T11:51:01.000Z","3","5"
"2016-03-08T12:43:31.000Z","3","-5"
"2016-03-09T08:34:31.000Z","2","5"
"2016-03-09T08:36:01.000Z","2","-5"
"2016-03-09T13:55:31.000Z","2","4"
"2016-03-09T15:13:31.000Z","2","4"
"2016-03-09T15:19:31.000Z","3","5"
"2016-03-09T16:03:01.000Z","3","5"
"2016-03-09T16:06:01.000Z","2","-5"
"2016-03-09T16:27:01.000Z","3","5"
"2016-03-10T09:12:01.000Z","2","4"
"2016-03-10T09:13:31.000Z","2","-4"
"2016-03-10T15:15:01.000Z","3","-5"
"2016-03-10T15:27:01.000Z","2","-4"
"2016-03-10T16:09:01.000Z","2","-4"
"2016-03-10T16:27:01.000Z","2","-4"
"2016-03-11T09:12:01.000Z","3","5"
"2016-03-11T13:28:31.000Z","2","5"
"2016-03-11T13:30:01.000Z","2","-4"
"2016-03-11T13:58:31.000Z","3","5"
"2016-03-11T14:00:01.000Z","3","-5"
"2016-03-11T14:24:01.000Z","3","5"
"2016-03-11T14:25:31.000Z","3","-5"
"2016-03-11T14:28:31.000Z","3","5"
"2016-03-11T14:30:01.000Z","3","-5"
"2016-03-11T15:06:01.000Z","3","-5"
"2016-03-11T15:07:31.000Z","3","5"
"2016-03-11T16:21:01.000Z","3","5"
"2016-03-11T19:33:01.000Z","13","-6"
"2016-03-13T23:58:31.000Z","27","-11"
"2016-03-14T15:09:01.000Z","3","-5"
"2016-03-14T15:15:01.000Z","2","-4"
"2016-03-14T15:16:31.000Z","3","-5"
"2016-03-14T16:10:31.000Z","3","5"
"2016-03-14T16:12:01.000Z","3","-5"
"2016-03-15T10:25:31.000Z","25","28"
"2016-03-15T13:15:01.000Z","15","14"
"2016-03-15T13:27:01.000Z","18","8"
"2016-03-15T13:58:31.000Z","5","10"
"2016-03-15T14:36:01.000Z","90","-8"
"2016-03-15T20:06:01.000Z","2","4"
"2016-03-16T07:42:01.000Z","73","14"
"2016-03-16T09:48:01.000Z","3","5"
"2016-03-16T11:25:31.000Z","67","-7"
"2016-03-16T14:45:01.000Z","3","-5"
"2016-03-16T15:03:01.000Z","2","4"
"2016-03-16T15:09:01.000Z","3","5"
"2016-03-16T15:28:31.000Z","2","-4"
"2016-03-16T15:31:31.000Z","3","5"
"2016-03-16T16:21:01.000Z","2","-4"
"2016-03-16T16:30:01.000Z","2","4"
"2016-03-16T16:31:31.000Z","2","-4"
"2016-03-16T19:58:31.000Z","3","5"
"2016-03-17T01:13:31.000Z","99","-7"
"2016-03-17T11:21:01.000Z","3","-5"
"2016-03-17T11:36:01.000Z","96","21"
"2016-03-17T14:27:01.000Z","2","4"
"2016-03-17T14:28:31.000Z","2","-4"
"2016-03-17T15:04:31.000Z","2","4"
"2016-03-17T15:07:31.000Z","3","-5"
"2016-03-17T15:09:01.000Z","2","-4"
"2016-03-17T16:03:01.000Z","3","-5"
"2016-03-18T15:09:01.000Z","3","-5"
"2016-03-18T15:10:31.000Z","3","5"
"2016-03-18T15:33:01.000Z","2","4"
"2016-03-18T16:03:01.000Z","3","5"
"2016-03-21T13:25:31.000Z","3","5"
"2016-03-21T15:06:01.000Z","2","5"
"2016-03-21T17:03:01.000Z","3","-5"
"2016-03-21T19:25:31.000Z","2","-4"
"2016-03-21T19:33:01.000Z","2","4"
"2016-03-21T19:34:31.000Z","2","-4"
"2016-03-22T15:07:31.000Z","2","-5"
"2016-03-22T15:09:01.000Z","3","5"
"2016-03-22T15:10:31.000Z","2","-5"
"2016-03-22T15:16:31.000Z","2","5"
"2016-03-22T16:30:01.000Z","19","-13"
"2016-03-23T15:06:01.000Z","3","5"
"2016-03-23T15:09:01.000Z","3","-5"
"2016-03-23T16:37:31.000Z","2","4"
"2016-03-24T09:13:31.000Z","2","4"
"2016-03-24T09:15:01.000Z","2","-4"
"2016-03-24T15:06:01.000Z","2","-4"
"2016-03-24T15:07:31.000Z","3","5"
"2016-03-24T15:09:01.000Z","2","-4"
"2016-03-24T15:10:31.000Z","3","-5"
"2016-03-24T15:42:01.000Z","3","5"
"2016-03-24T16:03:01.000Z","2","-4"
"2016-03-25T11:30:01.000Z","3","5"
"2016-03-25T12:27:01.000Z","3","5"
"2016-03-25T12:34:31.000Z","2","4"
"2016-03-25T12:36:01.000Z","2","-5"
"2016-03-25T12:43:31.000Z","44","-6"
"2016-03-25T13:00:01.000Z","3","-5"
"2016-03-25T13:06:01.000Z","2","-4"
"2016-03-29T15:04:31.000Z","3","5"
"2016-03-29T15:09:01.000Z","3","-5"
"2016-03-29T16:37:31.000Z","2","4"
"2016-03-30T08:00:01.000Z","10","32"
"2016-03-30T15:04:31.000Z","2","4"
"2016-03-30T15:07:31.000Z","2","-4"
"2016-03-30T15:09:01.000Z","3","5"
"2016-03-30T15:13:31.000Z","2","-4"
"2016-03-30T16:03:01.000Z","3","-5"
"2016-03-31T11:45:01.000Z","2","4"
"2016-03-31T11:46:31.000Z","2","-4"
"2016-03-31T12:12:01.000Z","2","5"
"2016-03-31T12:13:31.000Z","2","-5"
"2016-03-31T15:06:01.000Z","2","5"
"2016-03-31T15:09:01.000Z","2","-5"
"2016-03-31T15:10:31.000Z","3","5"
"2016-04-01T12:19:31.000Z","2","5"
"2016-04-01T12:21:01.000Z","2","-4"
"2016-04-01T13:46:31.000Z","2","-4"
"2016-04-01T15:07:31.000Z","2","5"
"2016-04-01T15:09:01.000Z","2","-5"
"2016-04-01T15:12:01.000Z","3","5"
"2016-04-01T15:42:01.000Z","2","4"
"2016-04-01T16:04:31.000Z","2","5"
"2016-04-01T16:06:01.000Z","2","-5"
"2016-04-01T21:25:31.000Z","10","7"
"2016-04-04T09:49:31.000Z","3","5"
"2016-04-04T09:51:01.000Z","3","-5"
"2016-04-04T11:40:31.000Z","3","5"
"2016-04-04T11:57:01.000Z","2","5"
"2016-04-04T15:06:01.000Z","98","9"
"2016-04-04T15:07:31.000Z","2","-5"
"2016-04-04T15:13:31.000Z","95","-22"
"2016-04-04T15:15:01.000Z","2","-4"
"2016-04-04T15:18:01.000Z","97","10"
"2016-04-04T16:00:01.000Z","2","4"
"2016-04-05T07:42:01.000Z","10","15"
"2016-04-05T10:51:07.000Z","33","10"
"2016-04-05T15:03:01.000Z","2","4"
"2016-04-05T15:06:01.000Z","2","-4"
"2016-04-05T15:07:31.000Z","2","5"
"2016-04-05T15:15:01.000Z","3","5"
"2016-04-05T16:01:31.000Z","2","4"
"2016-04-05T16:03:01.000Z","2","-4"
"2016-04-05T16:06:01.000Z","96","22"
"2016-04-05T16:12:01.000Z","3","5"
"2016-04-07T06:19:31.000Z","49","15"
"2016-04-07T15:06:01.000Z","3","-5"
"2016-04-07T15:09:01.000Z","2","4"
"2016-04-07T18:36:01.000Z","13","-7"
"2016-04-08T14:06:01.000Z","2","4"
"2016-04-08T15:04:31.000Z","2","-4"
"2016-04-08T15:07:31.000Z","2","5"
"2016-04-08T15:09:01.000Z","2","-4"
"2016-04-08T15:12:01.000Z","2","-4"
"2016-04-08T16:09:01.000Z","2","-4"
"2016-04-08T16:25:31.000Z","3","5"
"2016-04-08T16:27:01.000Z","3","-5"
"2016-04-10T01:12:37.000Z","62","-8"
"2016-04-11T14:58:31.000Z","13","34"
"2016-04-11T15:06:01.000Z","2","5"
"2016-04-11T15:07:31.000Z","3","-5"
"2016-04-11T15:09:01.000Z","2","-5"
"2016-04-11T17:21:01.000Z","3","5"
"2016-04-11T18:28:31.000Z","43","29"
"2016-04-12T14:57:01.000Z","2","4"
"2016-04-12T15:04:31.000Z","2","4"
"2016-04-12T15:06:01.000Z","2","-5"
"2016-04-12T15:22:31.000Z","2","4"
"2016-04-12T15:34:31.000Z","2","4"
"2016-04-12T16:25:31.000Z","3","5"
"2016-04-13T13:00:01.000Z","3","-5"
"2016-04-13T14:40:31.000Z","2","4"
"2016-04-13T15:06:01.000Z","2","5"
"2016-04-13T15:37:31.000Z","3","-5"
"2016-04-13T16:21:01.000Z","3","5"
"2016-04-13T16:36:01.000Z","13","21"
"2016-04-13T18:07:31.000Z","2","4"
"2016-04-13T18:09:01.000Z","2","-4"
"2016-04-14T12:40:31.000Z","3","-5"
"2016-04-14T15:28:31.000Z","2","5"
"2016-04-14T15:30:01.000Z","2","-5"
"2016-04-14T15:55:31.000Z","3","-5"
"2016-04-14T16:54:01.000Z","2","4"
"2016-04-15T15:03:01.000Z","2","4"
"2016-04-15T15:09:01.000Z","2","4"
"2016-04-15T15:10:31.000Z","2","-5"
"2016-04-15T15:31:31.000Z","3","5"
"2016-04-15T15:36:01.000Z","3","5"
"2016-04-16T12:18:01.000Z","2","4"
"2016-04-16T12:19:31.000Z","2","-4"
"2016-04-17T23:58:31.000Z","56","7"
"2016-04-18T11:46:31.000Z","2","4"
"2016-04-18T11:48:01.000Z","2","-4"
"2016-04-18T11:52:31.000Z","32","-10"
"2016-04-18T13:03:01.000Z","3","-5"
"2016-04-18T14:42:01.000Z","44","15"
"2016-04-18T15:03:01.000Z","2","4"
"2016-04-18T15:04:31.000Z","2","-4"
"2016-04-18T15:09:01.000Z","2","4"
"2016-04-18T15:10:31.000Z","2","-5"
"2016-04-18T15:15:01.000Z","2","4"
"2016-04-18T15:16:31.000Z","2","-5"
"2016-04-18T16:06:01.000Z","2","5"
"2016-04-18T16:07:31.000Z","2","-4"
"2016-04-18T16:36:01.000Z","3","-5"
"2016-04-19T07:24:01.000Z","25","20"
"2016-04-19T07:27:01.000Z","44","9"
"2016-04-19T07:40:31.000Z","96","26"
"2016-04-19T15:12:01.000Z","3","-5"
"2016-04-19T15:42:01.000Z","3","5"
"2016-04-19T16:45:01.000Z","2","4"
"2016-04-20T15:03:01.000Z","2","4"
"2016-04-20T15:06:01.000Z","3","-5"
"2016-04-20T15:07:31.000Z","2","-5"
"2016-04-20T15:09:01.000Z","3","5"
"2016-04-20T15:10:31.000Z","3","-5"
"2016-04-20T15:12:01.000Z","2","-4"
"2016-04-20T15:34:31.000Z","2","4"
"2016-04-20T16:19:31.000Z","3","5"
"2016-04-21T13:09:01.000Z","25","13"
"2016-04-21T14:36:01.000Z","2","4"
"2016-04-21T15:10:31.000Z","2","-4"
"2016-04-21T15:15:01.000Z","2","5"
"2016-04-21T15:16:31.000Z","2","-4"
"2016-04-21T18:03:01.000Z","2","5"
"2016-04-21T18:04:31.000Z","2","-5"
"2016-04-22T10:48:01.000Z","3","5"
"2016-04-22T10:49:31.000Z","3","-5"
"2016-04-22T11:52:31.000Z","2","4"
"2016-04-22T11:54:01.000Z","2","-4"
"2016-04-22T12:01:31.000Z","3","5"
"2016-04-22T15:07:31.000Z","2","-5"
"2016-04-22T15:25:31.000Z","2","4"
"2016-04-22T16:19:31.000Z","3","5"
"2016-04-22T16:21:01.000Z","3","-5"
"2016-04-25T07:48:01.000Z","32","9"
"2016-04-25T07:52:31.000Z","31","-7"
"2016-04-25T11:15:01.000Z","3","5"
"2016-04-25T11:16:31.000Z","3","-5"
"2016-04-25T13:01:31.000Z","19","37"
"2016-04-25T14:46:31.000Z","9","11"
"2016-04-25T15:04:31.000Z","2","-5"
"2016-04-25T15:06:01.000Z","2","4"
"2016-04-25T15:09:01.000Z","2","-4"
"2016-04-25T15:34:31.000Z","2","4"
"2016-04-25T16:03:01.000Z","2","4"
"2016-04-25T16:04:31.000Z","2","-4"
"2016-04-25T18:52:31.000Z","67","10"
"2016-04-26T08:01:31.000Z","44","-7"
"2016-04-26T13:49:31.000Z","44","39"
"2016-04-26T15:06:01.000Z","3","5"
"2016-04-26T15:15:01.000Z","2","-5"
"2016-04-26T15:21:01.000Z","3","-5"
"2016-04-26T15:33:01.000Z","3","5"
"2016-04-26T16:07:31.000Z","2","4"
"2016-04-27T10:01:31.000Z","50","11"
"2016-04-27T10:04:31.000Z","57","9"
"2016-04-27T10:13:31.000Z","49","13"
"2016-04-27T10:15:01.000Z","50","15"
"2016-04-27T10:22:31.000Z","97","13"
"2016-04-27T11:04:31.000Z","64","9"
"2016-04-27T13:48:01.000Z","3","5"
"2016-04-27T14:15:01.000Z","3","-5"
"2016-04-27T15:04:31.000Z","3","-5"
"2016-04-27T15:07:31.000Z","2","4"
"2016-04-27T15:34:31.000Z","3","5"
"2016-04-27T15:36:01.000Z","2","4"
"2016-04-27T15:37:31.000Z","3","-5"
"2016-04-27T16:01:31.000Z","3","-5"
"2016-04-27T16:15:01.000Z","3","5"
"2016-04-27T16:21:01.000Z","2","4"
"2016-04-27T17:48:01.000Z","5","31"
"2016-04-27T19:04:31.000Z","13","41"
"2016-04-28T08:48:01.000Z","2","4"
"2016-04-28T08:49:31.000Z","3","-5"
"2016-04-28T13:01:31.000Z","65","-8"
"2016-04-28T13:19:31.000Z","2","4"
"2016-04-28T14:04:31.000Z","2","4"
"2016-04-28T15:03:01.000Z","2","4"
"2016-04-28T15:04:31.000Z","2","-5"
"2016-04-28T15:09:01.000Z","2","-4"
"2016-04-28T15:10:31.000Z","2","4"
"2016-04-28T15:13:31.000Z","2","4"
"2016-04-28T15:15:01.000Z","2","-4"
"2016-04-28T16:01:31.000Z","2","-5"
"2016-04-28T16:25:31.000Z","3","5"
"2016-04-28T16:28:31.000Z","3","-5"
"2016-04-29T08:15:01.000Z","24","16"
"2016-04-29T10:39:01.000Z","3","-5"
"2016-04-29T11:30:01.000Z","10","18"
"2016-04-29T12:34:31.000Z","3","5"
"2016-04-29T15:06:01.000Z","2","5"
"2016-04-29T15:07:31.000Z","2","-5"
"2016-04-29T15:09:01.000Z","2","4"
"2016-04-29T15:10:31.000Z","2","-4"
"2016-04-29T15:18:01.000Z","2","-4"
"2016-04-29T15:24:01.000Z","2","-4"
"2016-04-29T16:00:01.000Z","2","4"
"2016-04-29T21:30:01.000Z","10","47"
"2016-04-30T11:27:01.000Z","96","17"
"2016-05-04T14:01:31.000Z","2","4"
"2016-05-04T14:03:01.000Z","2","-4"
"2016-05-04T15:01:31.000Z","2","5"
"2016-05-04T15:03:01.000Z","2","-5"
"2016-05-04T15:04:31.000Z","3","5"
"2016-05-04T19:36:01.000Z","2","4"
"2016-05-04T19:37:31.000Z","2","-4"
"2016-05-06T12:15:01.000Z","2","4"
"2016-05-06T12:16:31.000Z","2","-4"
"2016-05-06T13:40:31.000Z","31","-10"
"2016-05-06T15:21:01.000Z","3","5"
"2016-05-07T08:42:01.000Z","67","17"
"2016-05-08T14:43:31.000Z","3","5"
"2016-05-09T15:07:31.000Z","2","4"
"2016-05-09T15:09:01.000Z","2","-5"
"2016-05-09T15:18:01.000Z","3","5"
"2016-05-09T15:19:31.000Z","3","-5"
"2016-05-09T15:33:01.000Z","3","5"
"2016-05-09T15:34:31.000Z","3","-5"
"2016-05-09T16:12:01.000Z","2","4"
"2016-05-09T16:22:31.000Z","3","-5"
"2016-05-09T18:10:31.000Z","2","4"
"2016-05-09T18:12:01.000Z","2","-4"
"2016-05-10T12:06:01.000Z","10","-9"
"2016-05-10T15:04:31.000Z","2","4"
"2016-05-10T15:07:31.000Z","2","-4"
"2016-05-10T15:39:01.000Z","2","4"
"2016-05-10T16:06:01.000Z","2","5"
"2016-05-10T16:07:31.000Z","2","-4"
"2016-05-11T07:15:01.000Z","31","-9"
"2016-05-11T11:42:01.000Z","44","17"
"2016-05-11T15:00:01.000Z","2","4"
"2016-05-11T15:01:31.000Z","2","-4"
"2016-05-11T15:03:01.000Z","2","5"
"2016-05-11T15:07:31.000Z","2","-5"
"2016-05-11T15:09:01.000Z","3","5"
"2016-05-12T09:31:31.000Z","2","4"
"2016-05-12T09:33:01.000Z","2","-4"
"2016-05-12T11:22:31.000Z","2","4"
"2016-05-12T11:24:01.000Z","2","-4"
"2016-05-12T13:36:01.000Z","2","4"
"2016-05-12T15:42:01.000Z","3","5"
"2016-05-12T15:54:01.000Z","23","-8"
"2016-05-12T16:07:31.000Z","3","-5"
"2016-05-13T08:27:01.000Z","31","11"
"2016-05-13T10:28:31.000Z","3","5"
"2016-05-13T12:49:31.000Z","2","4"
"2016-05-13T12:51:01.000Z","2","-4"
"2016-05-13T13:07:31.000Z","96","38"
"2016-05-13T13:16:31.000Z","2","-4"
"2016-05-13T14:06:01.000Z","2","4"
"2016-05-13T14:07:31.000Z","2","-4"
"2016-05-13T14:28:31.000Z","3","-5"
"2016-05-13T15:01:31.000Z","2","4"
"2016-05-13T15:09:01.000Z","3","-5"
"2016-05-13T19:57:01.000Z","31","12"
"2016-05-13T22:09:01.000Z","10","12"
"2016-05-15T06:30:01.000Z","10","55"
"2016-05-16T10:51:01.000Z","3","-5"
"2016-05-16T14:39:01.000Z","3","5"
"2016-05-16T14:45:01.000Z","2","4"
"2016-05-16T14:46:31.000Z","2","-4"
"2016-05-16T15:03:01.000Z","2","5"
"2016-05-16T15:12:01.000Z","2","-4"
"2016-05-16T15:28:31.000Z","3","-5"
"2016-05-16T16:01:31.000Z","2","4"
"2016-05-16T17:34:31.000Z","2","4"
"2016-05-17T08:06:01.000Z","90","-6"
"2016-05-17T15:04:31.000Z","2","-4"
"2016-05-17T15:06:01.000Z","3","5"
"2016-05-17T15:13:31.000Z","3","5"
"2016-05-17T15:31:31.000Z","2","4"
"2016-05-17T15:33:01.000Z","2","-4"
"2016-05-17T15:36:01.000Z","2","4"
"2016-05-18T12:55:31.000Z","3","-5"
"2016-05-18T15:04:31.000Z","2","4"
"2016-05-18T15:07:31.000Z","3","-5"
"2016-05-18T15:34:31.000Z","3","5"
"2016-05-19T12:06:01.000Z","99","7"
"2016-05-19T12:51:01.000Z","3","-5"
"2016-05-19T14:18:01.000Z","2","5"
"2016-05-19T14:19:31.000Z","2","-5"
"2016-05-19T15:03:01.000Z","2","4"
"2016-05-19T15:10:31.000Z","2","4"
"2016-05-19T15:12:01.000Z","2","-4"
"2016-05-19T15:18:01.000Z","3","-5"
"2016-05-19T18:21:01.000Z","31","22"
"2016-05-20T15:06:01.000Z","3","-5"
"2016-05-20T16:19:31.000Z","3","5"
"2016-05-20T17:54:01.000Z","31","-10"
"2016-05-23T10:57:01.000Z","3","5"
"2016-05-23T13:21:01.000Z","2","-4"
"2016-05-23T14:06:01.000Z","2","4"
"2016-05-23T14:07:31.000Z","2","-4"
"2016-05-23T15:01:31.000Z","3","5"
"2016-05-23T15:07:31.000Z","2","5"
"2016-05-23T15:09:01.000Z","2","-4"
"2016-05-23T15:15:01.000Z","2","5"
"2016-05-23T15:16:31.000Z","2","-4"
"2016-05-23T15:27:01.000Z","3","-5"
"2016-05-23T15:36:01.000Z","2","4"
"2016-05-23T19:48:01.000Z","2","4"
"2016-05-23T19:49:31.000Z","2","-4"
"2016-05-24T08:51:01.000Z","3","5"
"2016-05-24T08:52:31.000Z","3","-5"
"2016-05-24T14:01:31.000Z","3","5"
"2016-05-24T14:03:01.000Z","3","-5"
"2016-05-24T15:03:01.000Z","2","-4"
"2016-05-24T15:06:01.000Z","3","5"
"2016-05-24T15:07:31.000Z","3","-5"
"2016-05-24T15:09:01.000Z","2","4"
"2016-05-24T15:21:01.000Z","2","4"
"2016-05-24T15:30:01.000Z","3","5"
"2016-05-24T16:07:31.000Z","2","4"
"2016-05-25T09:58:31.000Z","3","5"
"2016-05-25T10:00:01.000Z","3","-5"
"2016-05-25T11:52:31.000Z","3","5"
"2016-05-25T15:03:01.000Z","2","4"
"2016-05-25T15:06:01.000Z","2","-4"
"2016-05-25T15:12:01.000Z","3","-5"
"2016-05-25T15:16:31.000Z","2","-4"
"2016-05-25T15:33:01.000Z","2","5"
"2016-05-25T15:34:31.000Z","2","-4"
"2016-05-25T15:45:01.000Z","67","37"
"2016-05-25T16:24:01.000Z","2","4"
"2016-05-25T16:39:01.000Z","2","4"
"2016-05-25T16:40:31.000Z","2","-4"
"2016-05-25T17:31:31.000Z","5","12"
"2016-05-25T18:18:01.000Z","3","-5"
"2016-05-30T09:24:01.000Z","2","4"
"2016-05-30T09:25:31.000Z","2","-4"
"2016-05-30T11:49:31.000Z","2","4"
"2016-05-30T11:51:01.000Z","2","-4"
"2016-05-30T15:03:01.000Z","3","-5"
"2016-05-30T15:04:31.000Z","3","5"
"2016-05-30T15:36:01.000Z","2","-4"
"2016-05-30T18:09:01.000Z","19","14"
"2016-05-31T10:06:01.000Z","31","6"
"2016-05-31T12:30:01.000Z","67","7"
"2016-05-31T14:13:31.000Z","3","-5"
"2016-05-31T15:09:01.000Z","2","-4"
"2016-05-31T15:10:31.000Z","2","4"
"2016-05-31T15:13:31.000Z","2","-5"
"2016-05-31T15:19:31.000Z","2","-4"
"2016-05-31T16:06:01.000Z","2","-4"
"2016-05-31T16:15:01.000Z","2","4"
"2016-05-31T16:16:31.000Z","2","-4"
"2016-05-31T18:37:31.000Z","2","4"
"2016-06-01T07:31:31.000Z","31","43"
"2016-06-01T13:10:31.000Z","31","48"
"2016-06-01T15:09:01.000Z","2","-4"
"2016-06-01T15:15:01.000Z","3","-5"
"2016-06-01T15:31:31.000Z","3","-5"
"2016-06-01T15:43:31.000Z","2","4"
"2016-06-01T15:45:01.000Z","2","-4"
"2016-06-01T19:25:31.000Z","10","11"
"2016-06-01T19:37:31.000Z","2","4"
"2016-06-01T19:39:01.000Z","2","-4"
"2016-06-02T12:37:31.000Z","13","-7"
"2016-06-02T12:51:01.000Z","3","5"
"2016-06-02T14:49:31.000Z","2","4"
"2016-06-02T15:10:31.000Z","2","-5"
"2016-06-02T16:31:31.000Z","3","5"
"2016-06-03T07:58:31.000Z","26","-9"
"2016-06-03T15:06:01.000Z","2","4"
"2016-06-03T16:09:01.000Z","3","-5"
"2016-06-03T19:09:01.000Z","3","-5"
"2016-06-05T18:10:31.000Z","13","-7"
"2016-06-06T12:00:01.000Z","2","-4"
"2016-06-06T14:07:31.000Z","2","-4"
"2016-06-06T15:07:31.000Z","3","-5"
"2016-06-06T15:09:01.000Z","3","5"
"2016-06-06T15:10:31.000Z","2","-4"
"2016-06-06T15:33:01.000Z","3","-5"
"2016-06-06T15:34:31.000Z","3","5"
"2016-06-06T15:40:31.000Z","2","5"
"2016-06-06T16:03:01.000Z","2","4"
"2016-06-06T16:04:31.000Z","2","-4"
"2016-06-06T17:12:01.000Z","3","5"
"2016-06-07T16:24:01.000Z","2","-4"
"2016-06-07T18:54:01.000Z","3","5"
"2016-06-08T09:33:01.000Z","31","13"
"2016-06-08T10:36:01.000Z","99","-11"
"2016-06-08T12:16:31.000Z","3","5"
"2016-06-08T12:18:01.000Z","3","-5"
"2016-06-08T15:31:31.000Z","3","5"
"2016-06-08T16:16:31.000Z","2","5"
"2016-06-08T16:18:01.000Z","2","-4"
"2016-06-08T21:07:31.000Z","2","4"
"2016-06-09T23:58:31.000Z","97","10"
"2016-06-10T07:34:31.000Z","31","34"
"2016-06-10T13:37:31.000Z","3","5"
"2016-06-10T13:39:01.000Z","3","-5"
"2016-06-10T14:15:01.000Z","2","5"
"2016-06-10T15:09:01.000Z","2","4"
"2016-06-10T15:10:31.000Z","2","-4"
"2016-06-10T15:16:31.000Z","26","-8"
"2016-06-10T15:19:31.000Z","3","5"
"2016-06-10T15:22:31.000Z","3","-5"
"2016-06-10T15:34:31.000Z","3","-5"
"2016-06-10T16:27:01.000Z","2","4"
"2016-06-10T16:28:31.000Z","2","-4"
"2016-06-12T20:33:01.000Z","13","38"
"2016-06-13T08:45:01.000Z","65","6"
"2016-06-13T12:46:31.000Z","2","4"
"2016-06-13T12:48:01.000Z","2","-5"
"2016-06-13T15:03:01.000Z","2","5"
"2016-06-13T15:04:31.000Z","2","-5"
"2016-06-13T15:07:31.000Z","61","-11"
"2016-06-13T15:24:01.000Z","2","4"
"2016-06-13T15:25:31.000Z","2","-4"
"2016-06-13T16:09:01.000Z","2","4"
"2016-06-14T07:15:01.000Z","31","21"
"2016-06-14T08:30:01.000Z","2","4"
"2016-06-14T09:39:01.000Z","3","5"
"2016-06-14T09:40:31.000Z","3","-5"
"2016-06-14T14:39:01.000Z","3","5"
"2016-06-14T15:03:01.000Z","2","-4"
"2016-06-14T15:46:31.000Z","10","9"
"2016-06-14T18:13:31.000Z","2","4"
"2016-06-14T18:15:01.000Z","2","-4"
"2016-06-15T12:06:01.000Z","34","-23"
"2016-06-15T13:25:31.000Z","34","16"
"2016-06-15T13:33:01.000Z","84","11"
"2016-06-15T13:39:01.000Z","34","33"
"2016-06-15T13:40:31.000Z","34","55"
"2016-06-15T13:42:01.000Z","34","-83"
"2016-06-15T14:30:01.000Z","34","-13"
"2016-06-15T14:43:31.000Z","34","14"
"2016-06-15T14:58:31.000Z","84","-9"
"2016-06-15T15:04:31.000Z","3","5"
"2016-06-15T15:07:31.000Z","3","-5"
"2016-06-15T15:09:01.000Z","3","5"
"2016-06-15T15:12:01.000Z","34","15"
"2016-06-15T15:19:31.000Z","34","17"
"2016-06-15T15:36:01.000Z","3","-5"
"2016-06-15T15:55:31.000Z","34","13"
"2016-06-15T16:15:01.000Z","34","-18"
"2016-06-15T16:24:01.000Z","3","5"
"2016-06-15T16:25:31.000Z","3","-5"
"2016-06-15T17:12:01.000Z","34","14"
"2016-06-15T17:22:31.000Z","2","4"
"2016-06-15T17:51:01.000Z","84","9"
"2016-06-15T18:58:31.000Z","34","14"
"2016-06-15T19:10:31.000Z","34","13"
"2016-06-15T19:12:01.000Z","34","-16"
"2016-06-15T20:06:01.000Z","34","14"
"2016-06-15T21:04:31.000Z","34","13"
"2016-06-16T06:06:01.000Z","34","-13"
"2016-06-16T06:43:31.000Z","34","14"
"2016-06-16T07:18:01.000Z","31","6"
"2016-06-16T09:04:31.000Z","34","-14"
"2016-06-16T09:06:01.000Z","34","16"
"2016-06-16T09:37:31.000Z","84","9"
"2016-06-16T10:13:31.000Z","3","5"
"2016-06-16T11:13:31.000Z","34","13"
"2016-06-16T12:04:31.000Z","84","-10"
"2016-06-16T12:06:01.000Z","84","10"
"2016-06-16T12:07:31.000Z","84","-11"
"2016-06-16T12:09:01.000Z","84","10"
"2016-06-16T13:15:01.000Z","84","-10"
"2016-06-16T13:45:01.000Z","34","13"
"2016-06-16T14:34:31.000Z","2","4"
"2016-06-16T14:36:01.000Z","2","-4"
"2016-06-16T15:04:31.000Z","3","-5"
"2016-06-16T15:06:01.000Z","3","5"
"2016-06-16T15:37:31.000Z","3","-5"
"2016-06-16T15:39:01.000Z","34","14"
"2016-06-16T15:54:01.000Z","34","15"
"2016-06-16T15:58:31.000Z","84","-9"
"2016-06-16T16:00:01.000Z","3","5"
"2016-06-16T16:04:31.000Z","84","-9"
"2016-06-16T16:16:31.000Z","34","13"
"2016-06-16T16:45:01.000Z","34","-13"
"2016-06-16T16:46:31.000Z","34","13"
"2016-06-16T16:55:31.000Z","34","-13"
"2016-06-16T17:15:01.000Z","34","-14"
"2016-06-16T17:19:31.000Z","34","14"
"2016-06-16T17:25:31.000Z","34","-13"
"2016-06-16T17:27:01.000Z","34","17"
"2016-06-16T17:37:31.000Z","84","9"
"2016-06-16T18:06:01.000Z","84","9"
"2016-06-17T06:48:01.000Z","84","10"
"2016-06-17T07:21:01.000Z","34","14"
"2016-06-17T07:25:31.000Z","34","24"
"2016-06-17T07:39:01.000Z","34","15"
"2016-06-17T07:49:31.000Z","34","-14"
"2016-06-17T08:07:31.000Z","84","-9"
"2016-06-17T08:10:31.000Z","84","11"
"2016-06-17T08:42:01.000Z","84","-11"
"2016-06-17T09:52:31.000Z","84","9"
"2016-06-17T10:21:01.000Z","34","15"
"2016-06-17T10:22:31.000Z","34","-15"
"2016-06-17T10:24:01.000Z","34","14"
"2016-06-17T10:25:31.000Z","84","-9"
"2016-06-17T10:42:01.000Z","34","-14"
"2016-06-17T11:49:31.000Z","34","-14"
"2016-06-17T12:15:01.000Z","34","13"
"2016-06-17T13:15:01.000Z","34","-13"
"2016-06-17T13:16:31.000Z","34","13"
"2016-06-17T13:51:01.000Z","34","13"
"2016-06-17T14:03:01.000Z","84","-10"
"2016-06-17T14:06:01.000Z","84","12"
"2016-06-17T14:45:01.000Z","84","-9"
"2016-06-17T14:46:31.000Z","84","9"
"2016-06-17T14:48:01.000Z","34","13"
"2016-06-17T14:52:31.000Z","26","7"
"2016-06-17T14:58:31.000Z","84","-11"
"2016-06-17T15:03:01.000Z","2","5"
"2016-06-17T15:04:31.000Z","2","-5"
"2016-06-17T15:06:01.000Z","2","5"
"2016-06-17T15:07:31.000Z","2","-5"
"2016-06-17T15:09:01.000Z","3","5"
"2016-06-17T15:13:31.000Z","3","-5"
"2016-06-17T15:21:01.000Z","34","13"
"2016-06-17T15:28:31.000Z","3","5"
"2016-06-17T16:39:01.000Z","2","4"
"2016-06-17T16:40:31.000Z","2","-4"
"2016-06-17T17:40:31.000Z","34","-13"
"2016-06-17T18:06:01.000Z","34","-13"
"2016-06-17T18:48:01.000Z","34","14"
"2016-06-17T22:42:01.000Z","34","13"
"2016-06-17T23:18:01.000Z","34","13"
"2016-06-17T23:19:31.000Z","34","-13"
"2016-06-18T00:10:31.000Z","34","-13"
"2016-06-18T08:52:31.000Z","34","13"
"2016-06-18T09:22:31.000Z","84","11"
"2016-06-18T09:33:01.000Z","34","-13"
"2016-06-18T09:37:31.000Z","84","9"
"2016-06-18T09:39:01.000Z","34","-13"
"2016-06-18T10:33:01.000Z","84","9"
"2016-06-18T11:00:01.000Z","34","13"
"2016-06-18T11:48:01.000Z","84","12"
"2016-06-18T12:18:01.000Z","34","-17"
"2016-06-18T12:37:31.000Z","84","10"
"2016-06-18T12:39:01.000Z","84","-10"
"2016-06-18T12:55:31.000Z","34","15"
"2016-06-18T13:24:01.000Z","34","-15"
"2016-06-18T13:25:31.000Z","34","13"
"2016-06-18T14:04:31.000Z","84","-9"
"2016-06-18T14:12:01.000Z","34","-14"
"2016-06-18T14:24:01.000Z","34","-16"
"2016-06-18T16:25:31.000Z","34","16"
"2016-06-18T17:27:01.000Z","34","14"
"2016-06-18T18:01:31.000Z","34","13"
"2016-06-18T22:22:31.000Z","34","13"
"2016-06-18T22:24:01.000Z","34","-15"
"2016-06-19T09:18:01.000Z","84","-9"
"2016-06-19T11:46:31.000Z","34","13"
"2016-06-19T15:45:01.000Z","84","9"
"2016-06-19T16:12:01.000Z","84","11"
"2016-06-19T16:31:31.000Z","34","15"
"2016-06-19T16:46:31.000Z","34","-14"
"2016-06-19T17:33:01.000Z","84","-9"
"2016-06-19T17:52:31.000Z","34","-14"
"2016-06-19T17:54:01.000Z","34","16"
"2016-06-19T18:22:31.000Z","84","10"
"2016-06-19T18:34:31.000Z","34","15"
"2016-06-19T18:36:01.000Z","34","-13"
"2016-06-19T22:30:01.000Z","34","15"
"2016-06-19T22:31:31.000Z","34","-17"
"2016-06-19T22:55:31.000Z","34","13"
"2016-06-19T23:01:31.000Z","34","13"
"2016-06-19T23:03:01.000Z","34","-13"
"2016-06-20T07:31:31.000Z","44","-7"
"2016-06-20T07:55:31.000Z","34","16"
"2016-06-20T08:10:31.000Z","34","-13"
"2016-06-20T08:37:31.000Z","34","13"
"2016-06-20T09:13:31.000Z","34","16"
"2016-06-20T09:15:01.000Z","34","-14"
"2016-06-20T09:40:31.000Z","84","10"
"2016-06-20T10:27:01.000Z","84","-9"
"2016-06-20T10:51:01.000Z","34","14"
"2016-06-20T11:01:31.000Z","84","-9"
"2016-06-20T11:03:01.000Z","84","10"
"2016-06-20T12:24:01.000Z","34","15"
"2016-06-20T12:45:01.000Z","34","-13"
"2016-06-20T13:24:01.000Z","84","9"
"2016-06-20T13:33:01.000Z","34","15"
"2016-06-20T14:12:01.000Z","84","11"
"2016-06-20T14:13:31.000Z","84","-9"
"2016-06-20T14:25:31.000Z","34","-13"
"2016-06-20T15:06:01.000Z","34","-16"
"2016-06-20T15:07:31.000Z","3","5"
"2016-06-20T15:13:31.000Z","84","-10"
"2016-06-20T15:16:31.000Z","2","-4"
"2016-06-20T15:19:31.000Z","3","5"
"2016-06-20T15:37:31.000Z","34","14"
"2016-06-20T15:48:01.000Z","3","5"
"2016-06-20T16:13:31.000Z","2","4"
"2016-06-20T16:15:01.000Z","2","-5"
"2016-06-20T16:36:01.000Z","84","9"
"2016-06-20T16:37:31.000Z","34","-14"
"2016-06-20T16:39:01.000Z","34","16"
"2016-06-20T16:46:31.000Z","84","10"
"2016-06-20T17:18:01.000Z","34","13"
"2016-06-20T17:42:01.000Z","34","-13"
"2016-06-20T19:06:01.000Z","34","13"
"2016-06-20T19:24:01.000Z","34","15"
"2016-06-21T06:34:31.000Z","34","13"
"2016-06-21T07:48:01.000Z","34","18"
"2016-06-21T07:49:31.000Z","34","-13"
"2016-06-21T07:58:31.000Z","84","-10"
"2016-06-21T08:04:31.000Z","34","16"
"2016-06-21T08:21:01.000Z","34","14"
"2016-06-21T08:36:01.000Z","34","14"
"2016-06-21T10:06:01.000Z","2","-4"
"2016-06-21T10:27:01.000Z","34","17"
"2016-06-21T11:04:31.000Z","34","13"
"2016-06-21T12:15:01.000Z","34","14"
"2016-06-21T13:13:31.000Z","84","11"
"2016-06-21T13:15:01.000Z","84","-9"
"2016-06-21T14:06:01.000Z","2","4"
"2016-06-21T14:40:31.000Z","34","17"
"2016-06-21T15:07:31.000Z","2","4"
"2016-06-21T15:10:31.000Z","3","-5"
"2016-06-21T15:51:01.000Z","34","14"
"2016-06-21T16:04:31.000Z","3","5"
"2016-06-21T16:55:31.000Z","34","17"
"2016-06-21T17:21:01.000Z","84","9"
"2016-06-21T17:58:31.000Z","84","12"
"2016-06-21T18:24:01.000Z","34","-14"
"2016-06-21T20:58:31.000Z","34","13"
"2016-06-21T21:13:31.000Z","84","9"
"2016-06-22T06:36:01.000Z","34","16"
"2016-06-22T07:31:31.000Z","34","20"
"2016-06-22T07:45:01.000Z","34","17"
"2016-06-22T07:46:31.000Z","34","-15"
"2016-06-22T08:24:01.000Z","34","30"
"2016-06-22T08:25:31.000Z","34","-13"
"2016-06-22T08:49:31.000Z","84","10"
"2016-06-22T08:51:01.000Z","84","-9"
"2016-06-22T08:57:01.000Z","34","15"
"2016-06-22T10:07:31.000Z","34","14"
"2016-06-22T10:12:01.000Z","34","-14"
"2016-06-22T10:54:01.000Z","34","18"
"2016-06-22T11:24:01.000Z","34","-15"
"2016-06-22T11:48:01.000Z","34","13"
"2016-06-22T12:09:01.000Z","84","10"
"2016-06-22T13:09:01.000Z","84","9"
"2016-06-22T13:13:31.000Z","34","-14"
"2016-06-22T13:45:01.000Z","34","14"
"2016-06-22T14:00:01.000Z","84","10"
"2016-06-22T14:07:31.000Z","34","16"
"2016-06-22T14:12:01.000Z","2","5"
"2016-06-22T14:13:31.000Z","2","-4"
"2016-06-22T14:16:31.000Z","34","14"
"2016-06-22T14:21:01.000Z","84","10"
"2016-06-22T14:24:01.000Z","34","-13"
"2016-06-22T14:25:31.000Z","84","9"
"2016-06-22T14:43:31.000Z","34","18"
"2016-06-22T15:07:31.000Z","2","4"
"2016-06-22T16:28:31.000Z","84","10"
"2016-06-22T16:30:01.000Z","84","-10"
"2016-06-22T16:45:01.000Z","34","13"
"2016-06-22T16:46:31.000Z","34","-14"
"2016-06-22T16:58:31.000Z","34","39"
"2016-06-22T17:00:01.000Z","34","-41"
"2016-06-22T17:33:01.000Z","84","-9"
"2016-06-22T17:51:01.000Z","34","-15"
"2016-06-22T18:01:31.000Z","34","16"
"2016-06-22T18:03:01.000Z","34","-14"
"2016-06-22T18:55:31.000Z","84","10"
"2016-06-22T18:57:01.000Z","84","-13"
"2016-06-22T19:00:01.000Z","34","14"
"2016-06-22T20:04:31.000Z","84","-9"
"2016-06-22T20:18:01.000Z","34","15"
"2016-06-22T22:54:01.000Z","34","14"
"2016-06-23T07:06:01.000Z","34","16"
"2016-06-23T08:01:31.000Z","34","15"
"2016-06-23T08:10:31.000Z","34","13"
"2016-06-23T08:31:31.000Z","34","13"
"2016-06-23T08:51:01.000Z","84","9"
"2016-06-23T09:22:31.000Z","84","-10"
"2016-06-23T09:36:01.000Z","34","16"
"2016-06-23T09:37:31.000Z","34","-17"
"2016-06-23T10:00:01.000Z","34","14"
"2016-06-23T10:21:01.000Z","34","15"
"2016-06-23T10:25:31.000Z","84","-9"
"2016-06-23T11:31:31.000Z","34","-15"
"2016-06-23T12:18:01.000Z","34","14"
"2016-06-23T12:51:01.000Z","34","19"
"2016-06-23T12:52:31.000Z","3","-5"
"2016-06-23T12:57:01.000Z","34","35"
"2016-06-23T12:58:31.000Z","34","-29"
"2016-06-23T13:03:01.000Z","84","9"
"2016-06-23T15:03:01.000Z","2","4"
"2016-06-23T15:06:01.000Z","2","-5"
"2016-06-23T15:12:01.000Z","3","-5"
"2016-06-23T15:16:31.000Z","34","-13"
"2016-06-23T15:19:31.000Z","2","4"
"2016-06-23T15:30:01.000Z","84","-9"
"2016-06-23T15:31:31.000Z","34","-13"
"2016-06-23T15:34:31.000Z","3","5"
"2016-06-23T15:49:31.000Z","84","10"
"2016-06-23T16:15:01.000Z","34","-17"
"2016-06-23T16:16:31.000Z","49","10"
"2016-06-23T16:52:31.000Z","84","9"
"2016-06-23T16:54:01.000Z","84","-10"
"2016-06-23T17:22:31.000Z","34","19"
"2016-06-23T17:28:31.000Z","3","5"
"2016-06-23T17:30:01.000Z","3","-5"
"2016-06-23T17:54:01.000Z","99","37"
"2016-06-23T18:46:31.000Z","2","4"
"2016-06-23T19:03:01.000Z","34","14"
"2016-06-23T19:12:01.000Z","34","15"
"2016-06-23T19:34:31.000Z","67","6"
"2016-06-24T07:13:31.000Z","34","13"
"2016-06-24T08:01:31.000Z","34","15"
"2016-06-24T08:21:01.000Z","34","17"
"2016-06-24T08:27:01.000Z","34","-13"
"2016-06-24T08:28:31.000Z","34","18"
"2016-06-24T08:30:01.000Z","84","-10"
"2016-06-24T08:37:31.000Z","34","-14"
"2016-06-24T09:49:31.000Z","34","-26"
"2016-06-24T10:00:01.000Z","84","9"
"2016-06-24T10:10:31.000Z","34","-14"
"2016-06-24T10:12:01.000Z","34","15"
"2016-06-24T10:33:01.000Z","34","-19"
"2016-06-24T10:34:31.000Z","34","23"
"2016-06-24T11:04:31.000Z","34","14"
"2016-06-24T12:34:31.000Z","31","-10"
"2016-06-24T12:43:31.000Z","34","14"
"2016-06-24T13:09:01.000Z","34","-13"
"2016-06-24T13:10:31.000Z","34","14"
"2016-06-24T13:12:01.000Z","2","4"
"2016-06-24T13:13:31.000Z","2","-4"
"2016-06-24T13:24:01.000Z","34","-18"
"2016-06-24T13:40:31.000Z","34","-20"
"2016-06-24T13:42:01.000Z","84","11"
"2016-06-24T14:24:01.000Z","34","14"
"2016-06-24T14:31:31.000Z","34","-13"
"2016-06-24T14:48:01.000Z","34","-13"
"2016-06-24T15:06:01.000Z","2","-4"
"2016-06-24T15:34:31.000Z","34","15"
"2016-06-24T16:13:31.000Z","34","18"
"2016-06-24T16:15:01.000Z","34","-21"
"2016-06-24T16:31:31.000Z","34","-13"
"2016-06-24T16:55:31.000Z","34","14"
"2016-06-24T17:18:01.000Z","34","14"
"2016-06-24T17:19:31.000Z","34","-13"
"2016-06-24T17:45:01.000Z","34","14"
"2016-06-24T18:57:01.000Z","34","14"
"2016-06-24T19:01:31.000Z","25","18"
"2016-06-24T23:12:01.000Z","34","-14"
"2016-06-25T07:52:31.000Z","34","17"
"2016-06-25T09:01:31.000Z","84","-10"
"2016-06-25T09:03:01.000Z","84","9"
"2016-06-25T09:10:31.000Z","84","9"
"2016-06-25T09:12:01.000Z","84","-11"
"2016-06-25T09:54:01.000Z","84","9"
"2016-06-25T10:01:31.000Z","34","-13"
"2016-06-25T10:13:31.000Z","34","13"
"2016-06-25T10:57:01.000Z","34","-13"
"2016-06-25T11:21:01.000Z","34","14"
"2016-06-25T12:28:31.000Z","34","15"
"2016-06-25T12:36:01.000Z","34","13"
"2016-06-25T12:37:31.000Z","34","-16"
"2016-06-25T12:49:31.000Z","34","-14"
"2016-06-25T13:45:01.000Z","34","-13"
"2016-06-25T14:42:01.000Z","34","-14"
"2016-06-25T19:16:31.000Z","34","-13"
"2016-06-25T20:19:31.000Z","34","-15"
"2016-06-25T20:54:01.000Z","34","15"
"2016-06-25T20:55:31.000Z","34","-15"
"2016-06-25T23:27:01.000Z","34","-14"
"2016-06-26T11:04:31.000Z","34","16"
"2016-06-26T11:06:01.000Z","34","-16"
"2016-06-26T12:34:31.000Z","34","17"
"2016-06-26T13:12:01.000Z","34","-13"
"2016-06-26T15:15:01.000Z","34","14"
"2016-06-26T15:55:31.000Z","93","48"
"2016-06-26T16:27:01.000Z","34","14"
"2016-06-26T18:04:31.000Z","34","13"
"2016-06-26T18:21:01.000Z","34","14"
"2016-06-26T19:19:31.000Z","34","20"
"2016-06-26T19:21:01.000Z","34","-17"
"2016-06-26T20:06:01.000Z","34","-13"
"2016-06-26T20:10:31.000Z","34","-13"
"2016-06-26T21:30:01.000Z","34","14"
"2016-06-27T06:31:31.000Z","34","13"
"2016-06-27T06:49:31.000Z","84","10"
"2016-06-27T07:31:31.000Z","84","9"
"2016-06-27T07:39:01.000Z","84","-10"
"2016-06-27T08:11:45.000Z","47","16"
"2016-06-27T08:16:31.000Z","34","13"
"2016-06-27T08:33:01.000Z","34","15"
"2016-06-27T09:34:31.000Z","84","-9"
"2016-06-27T09:49:31.000Z","3","-5"
"2016-06-27T09:57:01.000Z","34","22"
"2016-06-27T10:12:01.000Z","84","9"
"2016-06-27T10:19:31.000Z","34","-15"
"2016-06-27T10:25:31.000Z","84","-10"
"2016-06-27T10:42:01.000Z","34","-18"
"2016-06-27T10:54:01.000Z","34","14"
"2016-06-27T11:12:01.000Z","84","-9"
"2016-06-27T11:16:31.000Z","34","-14"
"2016-06-27T11:39:01.000Z","84","-10"
"2016-06-27T11:57:01.000Z","84","13"
"2016-06-27T14:13:31.000Z","34","-14"
"2016-06-27T14:25:31.000Z","34","17"
"2016-06-27T14:39:01.000Z","2","-4"
"2016-06-27T15:01:31.000Z","34","-13"
"2016-06-27T15:07:31.000Z","34","15"
"2016-06-27T15:09:01.000Z","3","-5"
"2016-06-27T15:13:31.000Z","34","13"
"2016-06-27T15:31:31.000Z","3","5"
"2016-06-27T15:36:01.000Z","3","5"
"2016-06-27T16:43:31.000Z","34","-14"
"2016-06-27T17:03:01.000Z","2","4"
"2016-06-27T17:06:01.000Z","84","9"
"2016-06-27T17:49:31.000Z","34","15"
"2016-06-27T18:37:31.000Z","34","-16"
"2016-06-28T07:57:01.000Z","10","15"
"2016-06-28T08:00:01.000Z","34","-13"
"2016-06-28T08:04:31.000Z","34","13"
"2016-06-28T08:54:01.000Z","34","19"
"2016-06-28T08:55:31.000Z","34","-14"
"2016-06-28T09:18:01.000Z","34","-13"
"2016-06-28T09:30:01.000Z","84","9"
"2016-06-28T09:49:31.000Z","31","14"
"2016-06-28T10:33:01.000Z","2","4"
"2016-06-28T10:54:01.000Z","84","10"
"2016-06-28T10:55:31.000Z","34","15"
"2016-06-28T11:12:01.000Z","34","14"
"2016-06-28T11:40:31.000Z","3","-5"
"2016-06-28T11:45:01.000Z","84","12"
"2016-06-28T11:46:31.000Z","84","-12"
"2016-06-28T12:13:31.000Z","84","10"
"2016-06-28T12:18:01.000Z","34","-13"
"2016-06-28T12:25:31.000Z","34","14"
"2016-06-28T12:49:31.000Z","34","14"
"2016-06-28T13:45:01.000Z","34","-14"
"2016-06-28T14:12:01.000Z","34","-14"
"2016-06-28T14:13:31.000Z","34","13"
"2016-06-28T14:58:31.000Z","2","4"
"2016-06-28T15:04:31.000Z","3","5"
"2016-06-28T15:21:01.000Z","34","18"
"2016-06-28T15:28:31.000Z","34","13"
"2016-06-28T15:45:01.000Z","34","17"
"2016-06-28T16:00:01.000Z","84","11"
"2016-06-28T16:07:31.000Z","34","13"
"2016-06-28T16:40:31.000Z","34","-14"
"2016-06-28T16:55:31.000Z","34","-13"
"2016-06-28T17:06:01.000Z","3","5"
"2016-06-28T17:07:31.000Z","3","-5"
"2016-06-28T17:34:31.000Z","34","13"
"2016-06-28T17:36:01.000Z","34","-14"
"2016-06-28T17:52:31.000Z","84","10"
"2016-06-28T17:54:01.000Z","84","-9"
"2016-06-28T18:33:01.000Z","84","9"
"2016-06-28T21:04:31.000Z","34","13"
"2016-06-29T05:45:01.000Z","84","-10"
"2016-06-29T07:16:31.000Z","84","-9"
"2016-06-29T07:24:01.000Z","34","13"
"2016-06-29T07:48:01.000Z","84","9"
"2016-06-29T07:49:31.000Z","84","-9"
"2016-06-29T08:21:01.000Z","34","-13"
"2016-06-29T09:09:01.000Z","84","10"
"2016-06-29T09:10:31.000Z","84","-10"
"2016-06-29T09:12:01.000Z","34","14"
"2016-06-29T09:48:01.000Z","34","13"
"2016-06-29T09:52:31.000Z","34","14"
"2016-06-29T10:34:31.000Z","84","-11"
"2016-06-29T11:39:01.000Z","84","-9"
"2016-06-29T11:45:01.000Z","84","-9"
"2016-06-29T11:51:01.000Z","84","-9"
"2016-06-29T12:16:31.000Z","34","-14"
"2016-06-29T12:31:31.000Z","34","17"
"2016-06-29T12:33:01.000Z","34","-16"
"2016-06-29T12:34:31.000Z","34","17"
"2016-06-29T13:03:01.000Z","34","-21"
"2016-06-29T13:06:01.000Z","34","15"
"2016-06-29T13:09:01.000Z","34","-14"
"2016-06-29T13:27:01.000Z","34","-14"
"2016-06-29T13:52:31.000Z","2","4"
"2016-06-29T13:54:01.000Z","2","-4"
"2016-06-29T13:55:31.000Z","34","-15"
"2016-06-29T14:31:31.000Z","34","20"
"2016-06-29T15:04:31.000Z","34","13"
"2016-06-29T15:07:31.000Z","2","-4"
"2016-06-29T15:15:01.000Z","3","5"
"2016-06-29T15:27:01.000Z","34","-14"
"2016-06-29T15:28:31.000Z","34","13"
"2016-06-29T16:03:01.000Z","34","13"
"2016-06-29T16:07:31.000Z","2","-4"
"2016-06-29T16:30:01.000Z","3","-5"
"2016-06-29T17:13:31.000Z","34","16"
"2016-06-29T17:49:31.000Z","84","9"
"2016-06-29T18:25:31.000Z","34","-16"
"2016-06-29T20:39:01.000Z","34","-13"
"2016-06-29T20:40:31.000Z","34","14"
"2016-06-30T05:37:31.000Z","34","14"
"2016-06-30T05:39:01.000Z","34","-18"
"2016-06-30T06:57:01.000Z","31","-7"
"2016-06-30T07:19:31.000Z","34","-15"
"2016-06-30T08:03:01.000Z","34","15"
"2016-06-30T08:04:31.000Z","34","-13"
"2016-06-30T08:06:01.000Z","84","9"
"2016-06-30T09:00:01.000Z","34","13"
"2016-06-30T09:01:31.000Z","34","-16"
"2016-06-30T09:42:01.000Z","34","17"
"2016-06-30T10:33:01.000Z","44","12"
"2016-06-30T11:15:01.000Z","34","-13"
"2016-06-30T11:58:31.000Z","34","-15"
"2016-06-30T12:03:01.000Z","84","-10"
"2016-06-30T12:21:01.000Z","34","18"
"2016-06-30T12:33:01.000Z","34","20"
"2016-06-30T13:03:01.000Z","34","13"
"2016-06-30T13:12:01.000Z","34","13"
"2016-06-30T13:58:31.000Z","84","-9"
"2016-06-30T14:09:01.000Z","34","-15"
"2016-06-30T14:12:01.000Z","34","15"
"2016-06-30T14:13:31.000Z","34","-13"
"2016-06-30T14:31:31.000Z","84","9"
"2016-06-30T14:33:01.000Z","34","-14"
"2016-06-30T14:57:01.000Z","34","14"
"2016-06-30T15:36:01.000Z","2","5"
"2016-06-30T15:37:31.000Z","2","-5"
"2016-06-30T15:43:31.000Z","2","-4"
"2016-06-30T15:57:01.000Z","34","-13"
"2016-06-30T16:34:31.000Z","84","11"
"2016-06-30T17:57:01.000Z","84","-9"
"2016-06-30T18:25:31.000Z","84","-10"
"2016-07-01T00:09:01.000Z","34","-14"
"2016-07-01T07:36:01.000Z","84","9"
"2016-07-01T08:07:31.000Z","34","13"
"2016-07-01T08:21:01.000Z","84","-11"
"2016-07-01T08:22:31.000Z","84","10"
"2016-07-01T09:01:31.000Z","84","10"
"2016-07-01T09:15:01.000Z","34","-13"
"2016-07-01T10:19:31.000Z","34","-14"
"2016-07-01T11:55:31.000Z","84","-10"
"2016-07-01T12:01:31.000Z","2","-4"
"2016-07-01T13:28:31.000Z","84","-9"
"2016-07-01T14:42:01.000Z","3","-5"
"2016-07-01T15:00:01.000Z","2","4"
"2016-07-01T15:06:01.000Z","2","4"
"2016-07-01T15:09:01.000Z","84","9"
"2016-07-01T15:13:31.000Z","2","-5"
"2016-07-01T15:33:01.000Z","84","9"
"2016-07-01T15:49:31.000Z","34","13"
"2016-07-01T16:25:31.000Z","34","14"
"2016-07-01T17:42:01.000Z","84","9"
"2016-07-01T18:04:31.000Z","84","9"
"2016-07-01T21:16:31.000Z","84","11"
"2016-07-01T21:45:01.000Z","34","-15"
"2016-07-02T10:03:01.000Z","34","-15"
"2016-07-02T14:03:01.000Z","34","-14"
"2016-07-02T15:19:31.000Z","34","16"
"2016-07-02T16:12:01.000Z","84","10"
"2016-07-02T17:39:01.000Z","34","-14"
"2016-07-02T17:40:31.000Z","34","14"
"2016-07-02T17:58:31.000Z","34","13"
"2016-07-02T18:03:01.000Z","34","15"
"2016-07-02T18:06:01.000Z","34","-13"
"2016-07-02T20:07:31.000Z","34","16"
"2016-07-03T13:51:01.000Z","34","-16"
"2016-07-03T14:24:01.000Z","34","-13"
"2016-07-03T15:25:31.000Z","34","68"
"2016-07-03T15:27:01.000Z","34","-65"
"2016-07-03T16:37:31.000Z","34","18"
"2016-07-03T17:04:31.000Z","34","13"
"2016-07-03T17:43:31.000Z","34","13"
"2016-07-03T21:51:01.000Z","84","9"
"2016-07-04T07:39:01.000Z","84","10"
"2016-07-04T07:57:01.000Z","34","13"
"2016-07-04T08:00:01.000Z","34","13"
"2016-07-04T08:01:31.000Z","34","-14"
"2016-07-04T08:33:01.000Z","84","10"
"2016-07-04T08:48:01.000Z","34","17"
"2016-07-04T08:55:31.000Z","34","-13"
"2016-07-04T08:58:31.000Z","34","14"
"2016-07-04T09:00:01.000Z","34","-13"
"2016-07-04T09:07:31.000Z","34","13"
"2016-07-04T09:12:01.000Z","84","9"
"2016-07-04T10:15:01.000Z","34","13"
"2016-07-04T10:16:31.000Z","34","-14"
"2016-07-04T10:25:31.000Z","34","13"
"2016-07-04T10:30:01.000Z","84","9"
"2016-07-04T10:31:31.000Z","84","-10"
"2016-07-04T10:49:31.000Z","84","-9"
"2016-07-04T11:51:01.000Z","34","14"
"2016-07-04T12:30:01.000Z","84","11"
"2016-07-04T13:25:31.000Z","84","-9"
"2016-07-04T13:27:01.000Z","84","9"
"2016-07-04T14:04:31.000Z","34","13"
"2016-07-04T14:27:01.000Z","34","-18"
"2016-07-04T14:28:31.000Z","34","16"
"2016-07-04T14:48:01.000Z","34","-13"
"2016-07-04T14:51:01.000Z","84","9"
"2016-07-04T15:00:01.000Z","3","5"
"2016-07-04T15:03:01.000Z","3","-5"
"2016-07-04T15:04:31.000Z","2","4"
"2016-07-04T15:09:01.000Z","3","-5"
"2016-07-04T15:33:01.000Z","3","5"
"2016-07-04T15:49:31.000Z","84","-9"
"2016-07-04T16:03:01.000Z","34","13"
"2016-07-04T16:13:31.000Z","34","14"
"2016-07-04T16:31:31.000Z","84","-11"
"2016-07-04T16:36:01.000Z","34","18"
"2016-07-04T18:27:01.000Z","34","13"
"2016-07-04T18:28:31.000Z","34","-17"
"2016-07-04T18:30:01.000Z","34","19"
"2016-07-04T19:58:31.000Z","34","-13"
"2016-07-04T20:31:31.000Z","34","-13"
"2016-07-05T06:37:31.000Z","84","11"
"2016-07-05T06:58:31.000Z","84","9"
"2016-07-05T07:27:01.000Z","84","-10"
"2016-07-05T08:04:31.000Z","13","-7"
"2016-07-05T08:13:31.000Z","13","49"
"2016-07-05T08:28:31.000Z","84","9"
"2016-07-05T08:51:01.000Z","84","9"
"2016-07-05T09:34:31.000Z","2","4"
"2016-07-05T09:36:01.000Z","2","-4"
"2016-07-05T10:01:31.000Z","34","15"
"2016-07-05T10:42:01.000Z","34","-13"
"2016-07-05T10:43:31.000Z","2","-4"
"2016-07-05T12:21:01.000Z","34","-14"
"2016-07-05T14:16:31.000Z","34","-14"
"2016-07-05T14:18:01.000Z","34","17"
"2016-07-05T15:03:01.000Z","3","-5"
"2016-07-05T15:04:31.000Z","3","5"
"2016-07-05T15:16:31.000Z","34","15"
"2016-07-05T15:18:01.000Z","34","-13"
"2016-07-05T15:55:31.000Z","34","-13"
"2016-07-05T16:01:31.000Z","34","-13"
"2016-07-05T16:36:01.000Z","84","-10"
"2016-07-05T16:42:01.000Z","34","23"
"2016-07-05T16:45:01.000Z","34","-17"
"2016-07-05T17:04:31.000Z","34","23"
"2016-07-05T17:06:01.000Z","34","-16"
"2016-07-05T19:49:31.000Z","34","18"
"2016-07-05T19:51:01.000Z","34","-15"
"2016-07-05T20:28:31.000Z","34","-13"
"2016-07-05T23:00:01.000Z","34","-13"
"2016-07-06T07:18:01.000Z","84","-12"
"2016-07-06T07:27:01.000Z","34","17"
"2016-07-06T07:28:31.000Z","34","-16"
"2016-07-06T07:39:01.000Z","84","10"
"2016-07-06T07:40:31.000Z","34","-20"
"2016-07-06T08:04:31.000Z","84","12"
"2016-07-06T08:06:01.000Z","84","-11"
"2016-07-06T08:33:01.000Z","84","9"
"2016-07-06T09:00:01.000Z","34","-13"
"2016-07-06T09:25:31.000Z","2","4"
"2016-07-06T09:27:01.000Z","2","-4"
"2016-07-06T10:52:31.000Z","34","18"
"2016-07-06T10:57:01.000Z","84","-10"
"2016-07-06T11:00:01.000Z","34","-19"
"2016-07-06T12:27:01.000Z","84","-9"
"2016-07-06T12:33:01.000Z","34","-14"
"2016-07-06T13:57:01.000Z","84","10"
"2016-07-06T14:09:01.000Z","34","21"
"2016-07-06T14:10:31.000Z","34","-31"
"2016-07-06T14:45:01.000Z","84","-12"
"2016-07-06T14:57:01.000Z","34","13"
"2016-07-06T15:03:01.000Z","34","18"
"2016-07-06T15:06:01.000Z","2","-5"
"2016-07-06T15:09:01.000Z","34","14"
"2016-07-06T15:27:01.000Z","84","-9"
"2016-07-06T15:30:01.000Z","34","18"
"2016-07-06T15:40:31.000Z","34","16"
"2016-07-06T16:09:01.000Z","2","5"
"2016-07-06T16:25:31.000Z","34","18"
"2016-07-06T16:55:31.000Z","84","-9"
"2016-07-06T16:57:01.000Z","84","10"
"2016-07-06T17:12:01.000Z","55","7"
"2016-07-06T17:15:01.000Z","34","15"
"2016-07-06T18:51:01.000Z","84","11"
"2016-07-06T18:54:01.000Z","34","14"
"2016-07-06T18:55:31.000Z","34","-17"
"2016-07-06T19:07:31.000Z","34","14"
"2016-07-06T19:16:31.000Z","84","-9"
"2016-07-06T20:27:01.000Z","34","13"
"2016-07-07T07:07:31.000Z","84","-11"
"2016-07-07T07:30:01.000Z","34","15"
"2016-07-07T08:04:31.000Z","84","9"
"2016-07-07T08:33:01.000Z","84","9"
"2016-07-07T08:55:31.000Z","34","-13"
"2016-07-07T09:12:01.000Z","34","-14"
"2016-07-07T09:21:01.000Z","3","5"
"2016-07-07T11:06:01.000Z","34","14"
"2016-07-07T11:27:01.000Z","34","-14"
"2016-07-07T11:46:31.000Z","3","-5"
"2016-07-07T12:22:31.000Z","34","13"
"2016-07-07T12:24:01.000Z","34","-16"
"2016-07-07T12:31:31.000Z","3","5"
"2016-07-07T12:33:01.000Z","3","-5"
"2016-07-07T13:15:01.000Z","34","14"
"2016-07-07T13:30:01.000Z","34","14"
"2016-07-07T13:36:01.000Z","34","-18"
"2016-07-07T14:15:01.000Z","84","-12"
"2016-07-07T14:19:31.000Z","34","34"
"2016-07-07T14:21:01.000Z","34","-23"
"2016-07-07T14:22:31.000Z","2","4"
"2016-07-07T15:04:31.000Z","2","-5"
"2016-07-07T15:07:31.000Z","2","5"
"2016-07-07T15:09:01.000Z","2","-4"
"2016-07-07T15:10:31.000Z","2","-4"
"2016-07-07T15:19:31.000Z","34","14"
"2016-07-07T15:28:31.000Z","3","5"
"2016-07-07T15:42:01.000Z","34","15"
"2016-07-07T15:57:01.000Z","84","10"
"2016-07-07T16:03:01.000Z","34","15"
"2016-07-07T16:04:31.000Z","2","4"
"2016-07-07T16:51:01.000Z","2","4"
"2016-07-07T16:52:31.000Z","2","-4"
"2016-07-07T17:09:01.000Z","34","-13"
"2016-07-07T17:15:01.000Z","34","-15"
"2016-07-07T17:28:31.000Z","34","-14"
"2016-07-07T17:46:31.000Z","84","-9"
"2016-07-07T21:06:01.000Z","34","-14"
"2016-07-07T21:51:01.000Z","34","13"
"2016-07-08T06:58:31.000Z","84","9"
"2016-07-08T07:46:31.000Z","84","9"
"2016-07-08T10:04:31.000Z","34","14"
"2016-07-08T10:06:01.000Z","34","-13"
"2016-07-08T10:25:31.000Z","34","13"
"2016-07-08T10:28:31.000Z","34","13"
"2016-07-08T11:12:01.000Z","84","9"
"2016-07-08T11:40:31.000Z","31","-7"
"2016-07-08T12:00:01.000Z","34","15"
"2016-07-08T12:01:31.000Z","34","-14"
"2016-07-08T12:21:01.000Z","34","-13"
"2016-07-08T12:42:01.000Z","84","12"
"2016-07-08T12:43:31.000Z","84","-9"
"2016-07-08T12:48:01.000Z","84","12"
"2016-07-08T13:40:31.000Z","2","5"
"2016-07-08T13:42:01.000Z","2","-5"
"2016-07-08T13:57:01.000Z","2","-4"
"2016-07-08T15:06:01.000Z","2","5"
"2016-07-08T15:15:01.000Z","34","-14"
"2016-07-08T15:19:31.000Z","3","-5"
"2016-07-08T15:40:31.000Z","84","-9"
"2016-07-08T15:43:31.000Z","84","10"
"2016-07-08T16:13:31.000Z","84","9"
"2016-07-08T16:39:01.000Z","84","9"
"2016-07-08T16:52:31.000Z","84","9"
"2016-07-08T17:04:31.000Z","3","-5"
"2016-07-08T17:09:01.000Z","84","12"
"2016-07-08T17:49:31.000Z","34","-13"
"2016-07-08T18:07:31.000Z","34","-14"
"2016-07-08T18:34:31.000Z","34","27"
"2016-07-08T18:36:01.000Z","34","-24"
"2016-07-08T18:52:31.000Z","34","14"
"2016-07-08T19:03:01.000Z","84","-9"
"2016-07-08T19:04:31.000Z","34","15"
"2016-07-08T21:39:01.000Z","84","9"
"2016-07-08T21:55:31.000Z","34","14"
"2016-07-09T10:25:31.000Z","34","13"
"2016-07-09T10:27:01.000Z","34","-18"
"2016-07-09T12:06:01.000Z","34","16"
"2016-07-09T12:45:01.000Z","34","-15"
"2016-07-09T14:06:01.000Z","34","-16"
"2016-07-09T14:12:01.000Z","34","-14"
"2016-07-09T14:48:01.000Z","34","16"
"2016-07-09T16:45:01.000Z","84","9"
"2016-07-09T16:48:01.000Z","34","14"
"2016-07-09T17:03:01.000Z","34","-14"
"2016-07-09T17:04:31.000Z","34","14"
"2016-07-09T18:03:01.000Z","34","-18"
"2016-07-09T19:07:31.000Z","34","16"
"2016-07-09T19:09:01.000Z","34","-17"
"2016-07-09T19:57:01.000Z","34","-13"
"2016-07-09T21:16:31.000Z","34","17"
"2016-07-10T13:13:31.000Z","34","14"
"2016-07-10T13:25:31.000Z","84","9"
"2016-07-10T13:52:31.000Z","34","13"
"2016-07-10T15:16:31.000Z","34","16"
"2016-07-10T15:18:01.000Z","34","-15"
"2016-07-10T15:19:31.000Z","34","13"
"2016-07-10T15:21:01.000Z","34","-14"
"2016-07-10T15:51:01.000Z","34","-13"
"2016-07-10T16:55:31.000Z","84","-9"
"2016-07-10T18:22:31.000Z","34","16"
"2016-07-10T20:43:31.000Z","84","9"
"2016-07-10T20:49:31.000Z","34","-13"
"2016-07-10T21:19:31.000Z","34","13"
"2016-07-10T21:21:01.000Z","34","-13"
"2016-07-10T22:21:01.000Z","34","-13"
"2016-07-10T23:09:01.000Z","34","-14"
"2016-07-11T07:33:01.000Z","84","13"
"2016-07-11T07:34:31.000Z","84","-9"
"2016-07-11T08:31:31.000Z","34","15"
"2016-07-11T08:52:31.000Z","34","19"
"2016-07-11T09:12:01.000Z","84","14"
"2016-07-11T09:13:31.000Z","84","-9"
"2016-07-11T09:40:31.000Z","84","9"
"2016-07-11T10:00:01.000Z","34","15"
"2016-07-11T10:22:31.000Z","34","14"
"2016-07-11T10:34:31.000Z","34","-16"
"2016-07-11T10:51:01.000Z","34","14"
"2016-07-11T11:00:01.000Z","84","9"
"2016-07-11T11:21:01.000Z","84","10"
"2016-07-11T11:22:31.000Z","84","-10"
"2016-07-11T11:27:01.000Z","84","-9"
"2016-07-11T11:36:01.000Z","84","9"
"2016-07-11T11:39:01.000Z","3","5"
"2016-07-11T11:52:31.000Z","84","9"
"2016-07-11T11:58:31.000Z","34","14"
"2016-07-11T12:55:31.000Z","34","16"
"2016-07-11T13:03:01.000Z","84","-9"
"2016-07-11T13:25:31.000Z","84","-11"
"2016-07-11T15:45:01.000Z","34","15"
"2016-07-11T16:01:31.000Z","2","4"
"2016-07-11T16:03:01.000Z","2","-4"
"2016-07-11T16:07:31.000Z","2","4"
"2016-07-11T18:25:31.000Z","34","13"
"2016-07-11T20:39:01.000Z","34","16"
"2016-07-11T20:58:31.000Z","34","13"
"2016-07-11T21:25:31.000Z","34","-15"
"2016-07-12T06:18:01.000Z","34","-15"
"2016-07-12T07:37:31.000Z","84","9"
"2016-07-12T09:27:01.000Z","34","13"
"2016-07-12T09:43:31.000Z","34","-13"
"2016-07-12T09:46:31.000Z","34","14"
"2016-07-12T10:09:01.000Z","34","15"
"2016-07-12T10:22:31.000Z","84","11"
"2016-07-12T12:06:01.000Z","25","13"
"2016-07-12T12:07:31.000Z","2","-4"
"2016-07-12T12:48:01.000Z","34","15"
"2016-07-12T13:04:31.000Z","34","-13"
"2016-07-12T13:10:31.000Z","84","11"
"2016-07-12T13:16:31.000Z","2","4"
"2016-07-12T13:18:01.000Z","2","-4"
"2016-07-12T14:27:01.000Z","34","-15"
"2016-07-12T15:03:01.000Z","3","-5"
"2016-07-12T15:04:31.000Z","3","5"
"2016-07-12T15:12:01.000Z","34","15"
"2016-07-12T15:45:01.000Z","34","13"
"2016-07-12T15:48:01.000Z","2","-4"
"2016-07-12T16:51:01.000Z","84","13"
"2016-07-12T16:52:31.000Z","84","-10"
"2016-07-12T19:57:01.000Z","34","14"